"","time","R_0","combo_num"
"1",151,0.720140181036506,1
"2",181,0.583936798677422,1
"3",212,0.531086608320025,1
"4",243,0.574070498597169,1
"5",273,0.74561991814386,1
"6",304,1.08410266857061,1
"7",334,1.53913264337402,1
"8",365,1.94194661474826,1
"9",396,1.96778780850223,1
"10",424,1.70266208976644,1
"11",455,1.30237906144376,1
"12",485,0.962684185101702,1
"13",516,0.720140181036506,1
"14",546,0.583936798677422,1
"15",577,0.531086608320025,1
"16",608,0.574070498597169,1
"17",638,0.74561991814386,1
"18",669,1.08410266857061,1
"19",699,1.53913264337402,1
"20",730,1.94194661474826,1
"21",761,1.96778780850223,1
"22",790,1.69040570191801,1
"23",821,1.289723290053,1
"24",851,0.953073333048586,1
"25",882,0.71413454432836,1
"26",912,0.580879477024493,1
"27",151,0.699521661153083,2
"28",181,0.568521736841465,2
"29",212,0.52022251946154,2
"30",243,0.567091134672797,2
"31",273,0.74317606962073,2
"32",304,1.08934771105972,2
"33",334,1.5539700372252,2
"34",365,1.96003152953833,2
"35",396,1.97262447226577,2
"36",424,1.6905630540935,2
"37",455,1.27880893772057,2
"38",485,0.937685545051323,2
"39",516,0.699521661153083,2
"40",546,0.568521736841465,2
"41",577,0.52022251946154,2
"42",608,0.567091134672797,2
"43",638,0.74317606962073,2
"44",669,1.08934771105972,2
"45",699,1.5539700372252,2
"46",730,1.96003152953833,2
"47",761,1.97262447226577,2
"48",790,1.67777634848269,2
"49",821,1.26596446213087,2
"50",851,0.928153679605268,2
"51",882,0.693691865603331,2
"52",912,0.565627057380235,2
"53",151,0.695709970305512,3
"54",181,0.564219661842423,3
"55",212,0.515772966124901,3
"56",243,0.562655479220162,3
"57",273,0.739275518722448,3
"58",304,1.08768551346646,3
"59",334,1.55706070172798,3
"60",365,1.96855270592297,3
"61",396,1.98154357346896,3
"62",424,1.69581961551412,3
"63",455,1.27939855010605,3
"64",485,0.935300875328705,3
"65",516,0.695709970305512,3
"66",546,0.564219661842423,3
"67",577,0.515772966124901,3
"68",608,0.562655479220162,3
"69",638,0.739275518722448,3
"70",669,1.08768551346646,3
"71",699,1.55706070172798,3
"72",730,1.96855270592297,3
"73",761,1.98154357346896,3
"74",790,1.68287388597421,3
"75",821,1.26642560443377,3
"76",851,0.925700374118914,3
"77",882,0.689853534761631,3
"78",912,0.561316636183985,3
"79",151,0.700926057036662,4
"80",181,0.5688958579996,4
"81",212,0.519642721162163,4
"82",243,0.565530433527917,4
"83",273,0.740358896702839,4
"84",304,1.08477570312681,4
"85",334,1.54786496533388,4
"86",365,1.95425008309339,4
"87",396,1.96999956913462,4
"88",424,1.69109249521654,4
"89",455,1.28115490858579,4
"90",485,0.940040007991293,4
"91",516,0.700926057036662,4
"92",546,0.5688958579996,4
"93",577,0.519642721162163,4
"94",608,0.565530433527917,4
"95",638,0.740358896702839,4
"96",669,1.08477570312681,4
"97",699,1.54786496533388,4
"98",730,1.95425008309339,4
"99",761,1.96999956913462,4
"100",790,1.67839678523561,4
"101",821,1.26833497053463,4
"102",851,0.930487173445566,4
"103",882,0.695060931315169,4
"104",912,0.565968773650357,4
"105",151,0.697777009233289,5
"106",181,0.566827003174234,5
"107",212,0.518705279841529,5
"108",243,0.565837029823298,5
"109",273,0.742480340913599,5
"110",304,1.09002971883533,5
"111",334,1.55697050051337,5
"112",365,1.96512647721811,5
"113",396,1.97706665946593,5
"114",424,1.6927287498204,5
"115",455,1.2786300461203,5
"116",485,0.936292845442831,5
"117",516,0.697777009233289,5
"118",546,0.566827003174234,5
"119",577,0.518705279841529,5
"120",608,0.565837029823298,5
"121",638,0.742480340913599,5
"122",669,1.09002971883533,5
"123",699,1.55697050051337,5
"124",730,1.96512647721811,5
"125",761,1.97706665946593,5
"126",790,1.67985490533406,5
"127",821,1.2657272930183,5
"128",851,0.926738083234077,5
"129",882,0.691944887928716,5
"130",912,0.563936847199334,5
"131",151,0.69898663972007,6
"132",181,0.569116135451453,6
"133",212,0.521623331851254,6
"134",243,0.569099895982023,6
"135",273,0.745565525598603,6
"136",304,1.09150097854383,6
"137",334,1.55452327825314,6
"138",365,1.95750882045829,6
"139",396,1.96771349092643,6
"140",424,1.68538127741772,6
"141",455,1.27490670924483,6
"142",485,0.93552779365824,6
"143",516,0.69898663972007,6
"144",546,0.569116135451453,6
"145",577,0.521623331851254,6
"146",608,0.569099895982023,6
"147",638,0.745565525598603,6
"148",669,1.09150097854383,6
"149",699,1.55452327825314,6
"150",730,1.95750882045829,6
"151",761,1.96771349092643,6
"152",790,1.67261582882518,6
"153",821,1.26211767831174,6
"154",851,0.926053618469152,6
"155",882,0.693201663840342,6
"156",912,0.566252182927886,6
"157",151,0.701835804568944,7
"158",181,0.569944390121073,7
"159",212,0.521051943467566,7
"160",243,0.567597518296752,7
"161",273,0.743640235184114,7
"162",304,1.09016070529784,7
"163",334,1.55577961659656,7
"164",365,1.96359388145036,7
"165",396,1.977727811082,7
"166",424,1.69603300631704,7
"167",455,1.28356972722597,7
"168",485,0.941235667932359,7
"169",516,0.701835804568944,7
"170",546,0.569944390121073,7
"171",577,0.521051943467566,7
"172",608,0.567597518296752,7
"173",638,0.743640235184114,7
"174",669,1.09016070529784,7
"175",699,1.55577961659656,7
"176",730,1.96359388145036,7
"177",761,1.977727811082,7
"178",790,1.68323923893233,7
"179",821,1.27068957290415,7
"180",851,0.931661308177146,7
"181",882,0.695970829549476,7
"182",912,0.567025731780072,7
"183",151,0.699016713992199,8
"184",181,0.569651575769242,8
"185",212,0.522354369702536,8
"186",243,0.569764342939127,8
"187",273,0.745695460172198,8
"188",304,1.09008619182321,8
"189",334,1.55032409151356,8
"190",365,1.9503259164748,8
"191",396,1.96024216910032,8
"192",424,1.67982126822512,8
"193",455,1.27196763149172,8
"194",485,0.934465586008203,8
"195",516,0.699016713992199,8
"196",546,0.569651575769242,8
"197",577,0.522354369702536,8
"198",608,0.569764342939127,8
"199",638,0.745695460172198,8
"200",669,1.09008619182321,8
"201",699,1.55032409151356,8
"202",730,1.9503259164748,8
"203",761,1.96024216910032,8
"204",790,1.66714150043846,8
"205",821,1.25925482215627,8
"206",851,0.925038984187825,8
"207",882,0.693255699012376,8
"208",912,0.566798194366482,8
"209",151,0.70277882899088,9
"210",181,0.556670672098326,9
"211",212,0.498090143258103,9
"212",243,0.537405459321909,9
"213",273,0.709105927520197,9
"214",304,1.06022552977192,9
"215",334,1.55009845625265,9
"216",365,2.00216970630132,9
"217",396,2.04725722161398,9
"218",424,1.76527448768967,9
"219",455,1.33155534026988,9
"220",485,0.963933814587315,9
"221",516,0.70277882899088,9
"222",546,0.556670672098326,9
"223",577,0.498090143258103,9
"224",608,0.537405459321909,9
"225",638,0.709105927520197,9
"226",669,1.06022552977192,9
"227",699,1.55009845625265,9
"228",730,2.00216970630132,9
"229",761,2.04725722161398,9
"230",790,1.75204304532084,9
"231",821,1.31783232354027,9
"232",851,0.953559591011161,9
"233",882,0.696334521624373,9
"234",912,0.553376632189605,9
"235",151,0.688796335008388,10
"236",181,0.557311653884436,10
"237",212,0.509413193048987,10
"238",243,0.557189788175926,10
"239",273,0.735890140619192,10
"240",304,1.08976789529376,10
"241",334,1.56871941568752,10
"242",365,1.98927388181004,10
"243",396,2.00013768554012,10
"244",424,1.70532503704132,10
"245",455,1.27928730647798,10
"246",485,0.930054832700069,10
"247",516,0.688796335008388,10
"248",546,0.557311653884436,10
"249",577,0.509413193048987,10
"250",608,0.557189788175926,10
"251",638,0.735890140619192,10
"252",669,1.08976789529376,10
"253",699,1.56871941568752,10
"254",730,1.98927388181004,10
"255",761,2.00013768554012,10
"256",790,1.69202581007435,10
"257",821,1.26607196615594,10
"258",851,0.920353667986991,10
"259",882,0.682923216272881,10
"260",912,0.554421084191186,10
"261",151,0.689144522780285,11
"262",181,0.558990952664559,11
"263",212,0.511995767729454,11
"264",243,0.560438086539715,11
"265",273,0.739456102580702,11
"266",304,1.09258303849752,11
"267",334,1.56865127293132,11
"268",365,1.98447330241771,11
"269",396,1.99258319398984,11
"270",424,1.69837646791358,11
"271",455,1.27490027174993,11
"272",485,0.928301417497589,11
"273",516,0.689144522780285,11
"274",546,0.558990952664559,11
"275",577,0.511995767729454,11
"276",608,0.560438086539715,11
"277",638,0.739456102580702,11
"278",669,1.09258303849752,11
"279",699,1.56865127293132,11
"280",730,1.98447330241771,11
"281",761,1.99258319398984,11
"282",790,1.68514011542078,11
"283",821,1.26177735821383,11
"284",851,0.918679656035496,11
"285",882,0.683326086747522,11
"286",912,0.556135346243463,11
"287",151,0.616089617139946,12
"288",181,0.49649444307559,12
"289",212,0.458338062185821,12
"290",243,0.513008958191988,12
"291",273,0.699851372720787,12
"292",304,1.07382006891966,12
"293",334,1.58751899620598,12
"294",365,2.03251157925228,12
"295",396,2.0127303050364,12
"296",424,1.66753696869292,12
"297",455,1.20458921678549,12
"298",485,0.848066524057559,12
"299",516,0.616089617139946,12
"300",546,0.49649444307559,12
"301",577,0.458338062185821,12
"302",608,0.513008958191988,12
"303",638,0.699851372720787,12
"304",669,1.07382006891966,12
"305",699,1.58751899620598,12
"306",730,2.03251157925228,12
"307",761,2.0127303050364,12
"308",790,1.65258914383601,12
"309",821,1.19071573573433,12
"310",851,0.838488372199629,12
"311",882,0.610616858308522,12
"312",912,0.493970006976145,12
"313",151,0.687227266557097,13
"314",181,0.557773595859542,13
"315",212,0.511354395896985,13
"316",243,0.560282795845976,13
"317",273,0.739822220061083,13
"318",304,1.0936677292653,13
"319",334,1.57036592042024,13
"320",365,1.9858788673675,13
"321",396,1.99219913999352,13
"322",424,1.69630694673126,13
"323",455,1.27201706515127,13
"324",485,0.925650729439134,13
"325",516,0.687227266557097,13
"326",546,0.557773595859542,13
"327",577,0.511354395896985,13
"328",608,0.560282795845976,13
"329",638,0.739822220061083,13
"330",669,1.0936677292653,13
"331",699,1.57036592042024,13
"332",730,1.9858788673675,13
"333",761,1.99219913999352,13
"334",790,1.68302455496094,13
"335",821,1.258888226875,13
"336",851,0.916048212930138,13
"337",882,0.681433920168942,13
"338",912,0.554938896644116,13
"339",151,0.689357015085647,14
"340",181,0.559112592718348,14
"341",212,0.512033122589295,14
"342",243,0.560390988138245,14
"343",273,0.739298322447519,14
"344",304,1.09225306503121,14
"345",334,1.5681382998096,14
"346",365,1.98393342578647,14
"347",396,1.99232527474565,14
"348",424,1.69843973608644,14
"349",455,1.27516810332559,14
"350",485,0.928591486916495,14
"351",516,0.689357015085647,14
"352",546,0.559112592718348,14
"353",577,0.512033122589295,14
"354",608,0.560390988138245,14
"355",638,0.739298322447519,14
"356",669,1.09225306503121,14
"357",699,1.5681382998096,14
"358",730,1.98393342578647,14
"359",761,1.99232527474565,14
"360",790,1.68521308749605,14
"361",821,1.26204841846607,14
"362",851,0.918968268909596,14
"363",882,0.683535516312893,14
"364",912,0.556254103736991,14
"365",151,0.673356413881107,15
"366",181,0.543142293233546,15
"367",212,0.496261053920634,15
"368",243,0.544417564226302,15
"369",273,0.723466972337178,15
"370",304,1.07986798129642,15
"371",334,1.56514113580879,15
"372",365,1.9924004210789,15
"373",396,2.00104840246411,15
"374",424,1.69874531959597,15
"375",455,1.26583898256189,15
"376",485,0.914156980970414,15
"377",516,0.673356413881107,15
"378",546,0.543142293233546,15
"379",577,0.496261053920634,15
"380",608,0.544417564226302,15
"381",638,0.723466972337178,15
"382",669,1.07986798129642,15
"383",699,1.56514113580879,15
"384",730,1.9924004210789,15
"385",761,2.00104840246411,15
"386",790,1.68517046974236,15
"387",821,1.25247528742367,15
"388",851,0.904436057376064,15
"389",882,0.667521465872906,15
"390",912,0.540292783157013,15
"391",151,0.688629703102052,16
"392",181,0.559381319707132,16
"393",212,0.512762687122952,16
"394",243,0.561125863500226,16
"395",273,0.739280452689744,16
"396",304,1.0898897327699,16
"397",334,1.56139319211196,16
"398",365,1.97225347582511,16
"399",396,1.97975441611589,16
"400",424,1.68858554007276,16
"401",455,1.26938289134351,16
"402",485,0.925910417067098,16
"403",516,0.688629703102052,16
"404",546,0.559381319707132,16
"405",577,0.512762687122952,16
"406",608,0.561125863500226,16
"407",638,0.739280452689744,16
"408",669,1.0898897327699,16
"409",699,1.56139319211196,16
"410",730,1.97225347582511,16
"411",761,1.97975441611589,16
"412",790,1.67548747460827,16
"413",821,1.2563856186669,16
"414",851,0.916369112811983,16
"415",882,0.682853353098182,16
"416",912,0.556545254825594,16
"417",151,0.689861957488916,17
"418",181,0.560410826187307,17
"419",212,0.513769529765319,17
"420",243,0.562320397196933,17
"421",273,0.74098039583386,17
"422",304,1.09256051878145,17
"423",334,1.56535273750204,17
"424",365,1.97723021999708,17
"425",396,1.98448175686503,17
"426",424,1.69230295023028,17
"427",455,1.27190611250261,17
"428",485,0.927610496009459,17
"429",516,0.689861957488916,17
"430",546,0.560410826187307,17
"431",577,0.513769529765319,17
"432",608,0.562320397196933,17
"433",638,0.74098039583386,17
"434",669,1.09256051878145,17
"435",699,1.56535273750204,17
"436",730,1.97723021999708,17
"437",761,1.98448175686503,17
"438",790,1.67916414053259,17
"439",821,1.25887510653273,17
"440",851,0.918048574917883,17
"441",882,0.684075496836552,17
"442",912,0.557571216653837,17
"443",151,0.690258817651769,18
"444",181,0.561269029937143,18
"445",212,0.515025090196615,18
"446",243,0.563991294912293,18
"447",273,0.743129350509783,18
"448",304,1.09512931400713,18
"449",334,1.56780878904706,18
"450",365,1.9786530922395,18
"451",396,1.98453474285502,18
"452",424,1.6916714045776,18
"453",455,1.27128788408439,18
"454",485,0.927437766576799,18
"455",516,0.690258817651769,18
"456",546,0.561269029937143,18
"457",577,0.515025090196615,18
"458",608,0.563991294912293,18
"459",638,0.743129350509783,18
"460",669,1.09512931400713,18
"461",699,1.56780878904706,18
"462",730,1.9786530922395,18
"463",761,1.98453474285502,18
"464",790,1.67852159139239,18
"465",821,1.25826706508382,18
"466",851,0.917894024359344,18
"467",882,0.684489553889116,18
"468",912,0.558443053302224,18
"469",151,0.689107466884202,19
"470",181,0.559588146197185,19
"471",212,0.512848473408932,19
"472",243,0.561229534820912,19
"473",273,0.739619081582795,19
"474",304,1.09087224660502,19
"475",334,1.56349821399704,19
"476",365,1.9755732135869,19
"477",396,1.98327364389862,19
"478",424,1.69141811124003,19
"479",455,1.27118379329676,19
"480",485,0.926907698857867,19
"481",516,0.689107466884202,19
"482",546,0.559588146197185,19
"483",577,0.512848473408932,19
"484",608,0.561229534820912,19
"485",638,0.739619081582795,19
"486",669,1.09087224660502,19
"487",699,1.56349821399704,19
"488",730,1.9755732135869,19
"489",761,1.98327364389862,19
"490",790,1.67828764531329,19
"491",821,1.25815518348551,19
"492",851,0.917344879587622,19
"493",882,0.683318920104283,19
"494",912,0.556745979500475,19
"495",151,0.689024370151765,20
"496",181,0.559442753327309,20
"497",212,0.5127730629605,20
"498",243,0.561357675241365,20
"499",273,0.74022105606039,20
"500",304,1.09249621186287,20
"501",334,1.56666002141469,20
"502",365,1.98002731645438,20
"503",396,1.98730063920749,20
"504",424,1.69403006600906,20
"505",455,1.27229640789822,20
"506",485,0.927165790347576,20
"507",516,0.689024370151765,20
"508",546,0.559442753327309,20
"509",577,0.5127730629605,20
"510",608,0.561357675241365,20
"511",638,0.74022105606039,20
"512",669,1.09249621186287,20
"513",699,1.56666002141469,20
"514",730,1.98002731645438,20
"515",761,1.98730063920749,20
"516",790,1.68084507508142,20
"517",821,1.25922905847821,20
"518",851,0.917584804053194,20
"519",882,0.683230671012339,20
"520",912,0.556601078871164,20
"521",151,0.675837017870445,21
"522",181,0.545644051023792,21
"523",212,0.499205865256155,21
"524",243,0.548374693173681,21
"525",273,0.729435885457669,21
"526",304,1.08937757672705,21
"527",334,1.5789383716703,21
"528",365,2.00871898145567,21
"529",396,2.0149080051335,21
"530",424,1.70816831197416,21
"531",455,1.27114312752343,21
"532",485,0.91733226533656,21
"533",516,0.675837017870445,21
"534",546,0.545644051023792,21
"535",577,0.499205865256155,21
"536",608,0.548374693173681,21
"537",638,0.729435885457669,21
"538",669,1.08937757672705,21
"539",699,1.5789383716703,21
"540",730,2.00871898145567,21
"541",761,2.0149080051335,21
"542",790,1.69443586010026,21
"543",821,1.25767864091361,21
"544",851,0.907569642565929,21
"545",882,0.669994800315416,21
"546",912,0.542802407137593,21
"547",151,0.680334012455406,22
"548",181,0.550026352028651,22
"549",212,0.503312350051355,22
"550",243,0.552172165166896,22
"551",273,0.732505310512289,22
"552",304,1.09017075705952,22
"553",334,1.57533609901203,22
"554",365,2.00072466599793,22
"555",396,2.00784563522552,22
"556",424,1.70539509921635,22
"557",455,1.27280942785575,22
"558",485,0.921229447243035,22
"559",516,0.680334012455406,22
"560",546,0.550026352028651,22
"561",577,0.503312350051355,22
"562",608,0.552172165166896,22
"563",638,0.732505310512289,22
"564",669,1.09017075705952,22
"565",699,1.57533609901203,22
"566",730,2.00072466599793,22
"567",761,2.00784563522552,22
"568",790,1.69182846535279,22
"569",821,1.25945392091783,22
"570",851,0.911507579284367,22
"571",882,0.674494661078614,22
"572",912,0.547176586244901,22
"573",151,0.683497265037809,23
"574",181,0.55377564102057,23
"575",212,0.507408943641616,23
"576",243,0.556567471373619,23
"577",273,0.736937470927542,23
"578",304,1.0934498377625,23
"579",334,1.57530114824511,23
"580",365,1.99620298773977,23
"581",396,2.0021412068486,23
"582",424,1.70180743966166,23
"583",455,1.27243568973506,23
"584",485,0.923121549258895,23
"585",516,0.683497265037809,23
"586",546,0.55377564102057,23
"587",577,0.507408943641616,23
"588",608,0.556567471373619,23
"589",638,0.736937470927542,23
"590",669,1.0934498377625,23
"591",699,1.57530114824511,23
"592",730,1.99620298773977,23
"593",761,2.0021412068486,23
"594",790,1.68834415369964,23
"595",821,1.2591736291806,23
"596",851,0.913455940120845,23
"597",882,0.677685179740239,23
"598",912,0.550939395599945,23
"599",151,0.679048441738784,24
"600",181,0.549585269837399,24
"601",212,0.503589803246847,24
"602",243,0.553128722792688,24
"603",273,0.734255917782745,24
"604",304,1.09292646417873,24
"605",334,1.57876060701581,24
"606",365,2.00341270919334,24
"607",396,2.0081196448852,24
"608",424,1.70366188383174,24
"609",455,1.27023643836121,24
"610",485,0.9190300684683,24
"611",516,0.679048441738784,24
"612",546,0.549585269837399,24
"613",577,0.503589803246847,24
"614",608,0.553128722792688,24
"615",638,0.734255917782745,24
"616",669,1.09292646417873,24
"617",699,1.57876060701581,24
"618",730,2.00341270919334,24
"619",761,2.0081196448852,24
"620",790,1.69004362004956,24
"621",821,1.2568780492008,24
"622",851,0.90933327110037,24
"623",882,0.673239528716774,24
"624",912,0.546760847097328,24
"625",151,0.678270254850134,25
"626",181,0.551424044171521,25
"627",212,0.507384942826878,25
"628",243,0.558563228361515,25
"629",273,0.741031397374384,25
"630",304,1.09988499081777,25
"631",334,1.58269926313867,25
"632",365,2.00032499653528,25
"633",396,1.99880193485449,25
"634",424,1.69298644978282,25
"635",455,1.26199487817825,25
"636",485,0.914581408809574,25
"637",516,0.678270254850134,25
"638",546,0.551424044171521,25
"639",577,0.507384942826878,25
"640",608,0.558563228361515,25
"641",638,0.741031397374384,25
"642",669,1.09988499081777,25
"643",699,1.58269926313867,25
"644",730,2.00032499653528,25
"645",761,1.99880193485449,25
"646",790,1.67939514143992,25
"647",821,1.24875303145182,25
"648",851,0.905013301343371,25
"649",882,0.672564001571809,25
"650",912,0.548672114440571,25
"651",151,0.684325069227763,26
"652",181,0.554642283215371,26
"653",212,0.508348449092433,26
"654",243,0.557654424789903,26
"655",273,0.738269496528102,26
"656",304,1.0950698396974,26
"657",334,1.57704289901158,26
"658",365,1.99773829400407,26
"659",396,2.00330214865283,26
"660",424,1.70273370475704,26
"661",455,1.27325530350904,26
"662",485,0.923924261809596,26
"663",516,0.684325069227763,26
"664",546,0.554642283215371,26
"665",577,0.508348449092433,26
"666",608,0.557654424789903,26
"667",638,0.738269496528102,26
"668",669,1.0950698396974,26
"669",699,1.57704289901158,26
"670",730,1.99773829400407,26
"671",761,2.00330214865283,26
"672",790,1.68926476820417,26
"673",821,1.25999166733133,26
"674",851,0.914258992325297,26
"675",882,0.678514060092293,26
"676",912,0.551807687361781,26
"677",151,0.679429993431033,27
"678",181,0.55078283226255,27
"679",212,0.505169325845272,27
"680",243,0.554760009834001,27
"681",273,0.73532557157353,27
"682",304,1.091959744852,27
"683",334,1.57371330239773,27
"684",365,1.99363174921088,27
"685",396,1.9975201296478,27
"686",424,1.69571762803502,27
"687",455,1.26613430559467,27
"688",485,0.917733942736392,27
"689",516,0.679429993431033,27
"690",546,0.55078283226255,27
"691",577,0.505169325845272,27
"692",608,0.554760009834001,27
"693",638,0.73532557157353,27
"694",669,1.091959744852,27
"695",699,1.57371330239773,27
"696",730,1.99363174921088,27
"697",761,1.9975201296478,27
"698",790,1.68222306321829,27
"699",821,1.25288897323259,27
"700",851,0.908109154875724,27
"701",882,0.673658693981905,27
"702",912,0.547976539888595,27
"703",151,0.680033053274503,28
"704",181,0.552267630682566,28
"705",212,0.507425612135615,28
"706",243,0.557836709815423,28
"707",273,0.739379439086888,28
"708",304,1.09695928334179,28
"709",334,1.57870477629649,28
"710",365,1.99678920883021,28
"711",396,1.99795199420356,28
"712",424,1.69464004598352,28
"713",455,1.26490677448294,28
"714",485,0.917274525474085,28
"715",516,0.680033053274503,28
"716",546,0.552267630682566,28
"717",577,0.507425612135615,28
"718",608,0.557836709815423,28
"719",638,0.739379439086888,28
"720",669,1.09695928334179,28
"721",699,1.57870477629649,28
"722",730,1.99678920883021,28
"723",761,1.99795199420356,28
"724",790,1.68111749018731,28
"725",821,1.2516768275463,28
"726",851,0.907682909956892,28
"727",882,0.674294343792487,28
"728",912,0.549487621868314,28
"729",151,0.681260211772678,29
"730",181,0.553576754369763,29
"731",212,0.508766853111413,29
"732",243,0.559211008318721,29
"733",273,0.740707882906256,29
"734",304,1.09786681606098,29
"735",334,1.57856461133917,29
"736",365,1.99537662682901,29
"737",396,1.99642379704597,29
"738",424,1.69394194378021,29
"739",455,1.26524034648019,29
"740",485,0.91822941200433,29
"741",516,0.681260211772678,29
"742",546,0.553576754369763,29
"743",577,0.508766853111413,29
"744",608,0.559211008318721,29
"745",638,0.740707882906256,29
"746",669,1.09786681606098,29
"747",699,1.57856461133917,29
"748",730,1.99537662682901,29
"749",761,1.99642379704597,29
"750",790,1.6804551934731,29
"751",821,1.25203804693695,29
"752",851,0.908651492859463,29
"753",882,0.675526193474769,29
"754",912,0.550798101748143,29
"755",151,0.674227815827072,30
"756",181,0.545747909753931,30
"757",212,0.500908351761172,30
"758",243,0.551797138134178,30
"759",273,0.735154437197975,30
"760",304,1.09831643696008,30
"761",334,1.59060863533151,30
"762",365,2.01961954559526,30
"763",396,2.02003343658488,30
"764",424,1.70779282146318,30
"765",455,1.2677882380569,30
"766",485,0.914086353562143,30
"767",516,0.674227815827072,30
"768",546,0.545747909753931,30
"769",577,0.500908351761172,30
"770",608,0.551797138134178,30
"771",638,0.735154437197975,30
"772",669,1.09831643696008,30
"773",699,1.59060863533151,30
"774",730,2.01961954559526,30
"775",761,2.02003343658488,30
"776",790,1.69390607218616,30
"777",821,1.25428711413485,30
"778",851,0.90436182588476,30
"779",882,0.668444865123224,30
"780",912,0.542959988309311,30
"781",151,0.686195825918865,31
"782",181,0.55333661598354,31
"783",212,0.505276156604543,31
"784",243,0.553899013249906,31
"785",273,0.735544041680595,31
"786",304,1.09724847806035,31
"787",334,1.58986490847929,31
"788",365,2.02412163888588,31
"789",396,2.03418021509372,31
"790",424,1.72827999094443,31
"791",455,1.28901506879929,31
"792",485,0.93146391230416,31
"793",516,0.686195825918865,31
"794",546,0.55333661598354,31
"795",577,0.505276156604543,31
"796",608,0.553899013249906,31
"797",638,0.735544041680595,31
"798",669,1.09724847806035,31
"799",699,1.58986490847929,31
"800",730,2.02412163888588,31
"801",761,2.03418021509372,31
"802",790,1.71452161651391,31
"803",821,1.27544003528873,31
"804",851,0.921570671732932,31
"805",882,0.680246988970747,31
"806",912,0.550425203456708,31
"807",151,0.675099123793483,32
"808",181,0.544666930813636,32
"809",212,0.498274935814199,32
"810",243,0.547738805542709,32
"811",273,0.729640486080769,32
"812",304,1.09168610139292,32
"813",334,1.58479219196919,32
"814",365,2.0179470801072,32
"815",396,2.02360499298348,32
"816",424,1.71379217267197,32
"817",455,1.27332631060579,32
"818",485,0.917480089683631,32
"819",516,0.675099123793483,32
"820",546,0.544666930813636,32
"821",577,0.498274935814199,32
"822",608,0.547738805542709,32
"823",638,0.729640486080769,32
"824",669,1.09168610139292,32
"825",699,1.58479219196919,32
"826",730,2.0179470801072,32
"827",761,2.02360499298348,32
"828",790,1.69993697796721,32
"829",821,1.2597711734233,32
"830",851,0.907672675749215,32
"831",882,0.669241803426577,32
"832",912,0.541823155256487,32
"833",151,0.67345557802625,33
"834",181,0.543685059142665,33
"835",212,0.498007813220389,33
"836",243,0.548306367739616,33
"837",273,0.731499012022988,33
"838",304,1.09582978485272,33
"839",334,1.59178716641225,33
"840",365,2.02630691942478,33
"841",396,2.0292723813457,33
"842",424,1.71561085949482,33
"843",455,1.27222346026803,33
"844",485,0.915497673502048,33
"845",516,0.67345557802625,33
"846",546,0.543685059142665,33
"847",577,0.498007813220389,33
"848",608,0.548306367739616,33
"849",638,0.731499012022988,33
"850",669,1.09582978485272,33
"851",699,1.59178716641225,33
"852",730,2.02630691942478,33
"853",761,2.0292723813457,33
"854",790,1.70163010331926,33
"855",821,1.25861021647541,33
"856",851,0.90568715727047,33
"857",882,0.667618220535362,33
"858",912,0.540864177995746,33
"859",151,0.673652499628471,34
"860",181,0.543110460672227,34
"861",212,0.496808440166392,34
"862",243,0.546511946196658,34
"863",273,0.729064104973161,34
"864",304,1.09285069504304,34
"865",334,1.58903073522422,34
"866",365,2.0251651780813,34
"867",396,2.03029482869091,34
"868",424,1.71770014825274,34
"869",455,1.27421372308508,34
"870",485,0.916679288433928,34
"871",516,0.673652499628471,34
"872",546,0.543110460672227,34
"873",577,0.496808440166392,34
"874",608,0.546511946196658,34
"875",638,0.729064104973161,34
"876",669,1.09285069504304,34
"877",699,1.58903073522422,34
"878",730,2.0251651780813,34
"879",761,2.03029482869091,34
"880",790,1.70373528183438,34
"881",821,1.26058102923179,34
"882",851,0.906836744831698,34
"883",882,0.667785896944624,34
"884",912,0.540267349077291,34
"885",151,0.673792776052737,35
"886",181,0.544709619252099,35
"887",212,0.499409551643707,35
"888",243,0.549873884734458,35
"889",273,0.732845866620155,35
"890",304,1.0959440173539,35
"891",334,1.58909919540771,35
"892",365,2.02005651505019,35
"893",396,2.02202748817468,35
"894",424,1.709971445017,35
"895",455,1.26921257552415,35
"896",485,0.914529416367609,35
"897",516,0.673792776052737,35
"898",546,0.544709619252099,35
"899",577,0.499409551643707,35
"900",608,0.549873884734458,35
"901",638,0.732845866620155,35
"902",669,1.0959440173539,35
"903",699,1.58909919540771,35
"904",730,2.02005651505019,35
"905",761,2.02202748817468,35
"906",790,1.69607194842245,35
"907",821,1.25567948227601,35
"908",851,0.904773187061634,35
"909",882,0.667985924100966,35
"910",912,0.541905015265558,35
"911",151,0.673570110375101,36
"912",181,0.54285385920728,36
"913",212,0.496358837094205,36
"914",243,0.545812671303134,36
"915",273,0.727981735182254,36
"916",304,1.09118636621113,36
"917",334,1.58679749862103,36
"918",365,2.02286027163659,36
"919",396,2.02876440512474,36
"920",424,1.71703288155747,36
"921",455,1.27412258377318,36
"922",485,0.916716844397603,36
"923",516,0.673570110375101,36
"924",546,0.54285385920728,36
"925",577,0.496358837094205,36
"926",608,0.545812671303134,36
"927",638,0.727981735182254,36
"928",669,1.09118636621113,36
"929",699,1.58679749862103,36
"930",730,2.02286027163659,36
"931",761,2.02876440512474,36
"932",790,1.70309427499583,36
"933",821,1.26050023793662,36
"934",851,0.906873173220348,36
"935",882,0.667698008535496,36
"936",912,0.540004789644975,36
"937",151,0.671284215328661,37
"938",181,0.543222344983719,37
"939",212,0.498699913379886,37
"940",243,0.549760795463933,37
"941",273,0.733263163445098,37
"942",304,1.09690432262445,37
"943",334,1.5901808554279,37
"944",365,2.01996664472585,37
"945",396,2.01950932558784,37
"946",424,1.70575966600333,37
"947",455,1.26465800387954,37
"948",485,0.910788886071352,37
"949",516,0.671284215328661,37
"950",546,0.543222344983719,37
"951",577,0.498699913379886,37
"952",608,0.549760795463933,37
"953",638,0.733263163445098,37
"954",669,1.09690432262445,37
"955",699,1.5901808554279,37
"956",730,2.01996664472585,37
"957",761,2.01950932558784,37
"958",790,1.69182332469843,37
"959",821,1.25113818194261,37
"960",851,0.901070327066807,37
"961",882,0.665515672425632,37
"962",912,0.540446937370962,37
"963",151,0.671892759510079,38
"964",181,0.544335924177918,38
"965",212,0.500221800854187,38
"966",243,0.551694722127721,38
"967",273,0.735626202614583,38
"968",304,1.09948149452262,38
"969",334,1.59218764651841,38
"970",365,2.02038617551979,38
"971",396,2.01849531278137,38
"972",424,1.70442538360309,38
"973",455,1.26381295937455,38
"974",485,0.910689841348031,38
"975",516,0.671892759510079,38
"976",546,0.544335924177918,38
"977",577,0.500221800854187,38
"978",608,0.551694722127721,38
"979",638,0.735626202614583,38
"980",669,1.09948149452262,38
"981",699,1.59218764651841,38
"982",730,2.02038617551979,38
"983",761,2.01849531278137,38
"984",790,1.69049417529112,38
"985",821,1.25031642040746,38
"986",851,0.900996265789185,38
"987",882,0.666143881428882,38
"988",912,0.541574834788672,38
"989",151,0.672106295661777,39
"990",181,0.543344791706295,39
"991",212,0.498203492117024,39
"992",243,0.54863945875604,39
"993",273,0.731360691261316,39
"994",304,1.09397179095441,39
"995",334,1.58649557490378,39
"996",365,2.01683446163619,39
"997",396,2.01855698033934,39
"998",424,1.7066855527813,39
"999",455,1.26644430278409,39
"1000",485,0.912342208239533,39
"1001",516,0.672106295661777,39
"1002",546,0.543344791706295,39
"1003",577,0.498203492117024,39
"1004",608,0.54863945875604,39
"1005",638,0.731360691261316,39
"1006",669,1.09397179095441,39
"1007",699,1.58649557490378,39
"1008",730,2.01683446163619,39
"1009",761,2.01855698033934,39
"1010",790,1.69279880503464,39
"1011",821,1.25293058602475,39
"1012",851,0.902604362260126,39
"1013",882,0.666312860996883,39
"1014",912,0.540548040826141,39
"1015",151,0.667650912377523,40
"1016",181,0.540536209975403,40
"1017",212,0.496874087678244,40
"1018",243,0.548738771084102,40
"1019",273,0.733316742224383,40
"1020",304,1.09892268921404,40
"1021",334,1.59478063459144,40
"1022",365,2.02571381129471,40
"1023",396,2.0223153930343,40
"1024",424,1.70461679297663,40
"1025",455,1.26078095274459,40
"1026",485,0.906413395016603,40
"1027",516,0.667650912377523,40
"1028",546,0.540536209975403,40
"1029",577,0.496874087678244,40
"1030",608,0.548738771084102,40
"1031",638,0.733316742224383,40
"1032",669,1.09892268921404,40
"1033",699,1.59478063459144,40
"1034",730,2.02571381129471,40
"1035",761,2.0223153930343,40
"1036",790,1.69055593684527,40
"1037",821,1.24721364170087,40
"1038",851,0.896705520929168,40
"1039",882,0.661913862204031,40
"1040",912,0.537790881024851,40
"1041",151,0.672697718786977,41
"1042",181,0.5439150926593,41
"1043",212,0.498827962326464,41
"1044",243,0.54942091939756,41
"1045",273,0.732465185964439,41
"1046",304,1.0956287679405,41
"1047",334,1.58879224513742,41
"1048",365,2.01948737762786,41
"1049",396,2.02085153396823,41
"1050",424,1.70834547782246,41
"1051",455,1.26750223301837,41
"1052",485,0.913066631626102,41
"1053",516,0.672697718786977,41
"1054",546,0.5439150926593,41
"1055",577,0.498827962326464,41
"1056",608,0.54942091939756,41
"1057",638,0.732465185964439,41
"1058",669,1.0956287679405,41
"1059",699,1.58879224513742,41
"1060",730,2.01948737762786,41
"1061",761,2.02085153396823,41
"1062",790,1.69443606954181,41
"1063",821,1.25397334936835,41
"1064",851,0.903321709620724,41
"1065",882,0.666902257210283,41
"1066",912,0.541118891856787,41
"1067",151,0.675930747369948,42
"1068",181,0.541277055628018,42
"1069",212,0.492334728895105,42
"1070",243,0.540352179650108,42
"1071",273,0.722525443509699,42
"1072",304,1.08930391089634,42
"1073",334,1.59476265653841,42
"1074",365,2.04540870350084,42
"1075",396,2.05854373660753,42
"1076",424,1.74352644107733,42
"1077",455,1.29159856292718,42
"1078",485,0.925592329134523,42
"1079",516,0.675930747369948,42
"1080",546,0.541277055628018,42
"1081",577,0.492334728895105,42
"1082",608,0.540352179650108,42
"1083",638,0.722525443509699,42
"1084",669,1.08930391089634,42
"1085",699,1.59476265653841,42
"1086",730,2.04540870350084,42
"1087",761,2.05854373660753,42
"1088",790,1.72934824133204,42
"1089",821,1.27766603535841,42
"1090",851,0.9154968566359,42
"1091",882,0.669893253487496,42
"1092",912,0.538328144813149,42
"1093",151,0.688824445044222,43
"1094",181,0.550219316291703,43
"1095",212,0.498509636542497,43
"1096",243,0.544838190885371,43
"1097",273,0.726057505998388,43
"1098",304,1.0921591666037,43
"1099",334,1.59805572282961,43
"1100",365,2.05282571740203,43
"1101",396,2.07395863160195,43
"1102",424,1.76438976903313,43
"1103",455,1.31302471285857,43
"1104",485,0.943445202980815,43
"1105",516,0.688824445044222,43
"1106",546,0.550219316291703,43
"1107",577,0.498509636542497,43
"1108",608,0.544838190885371,43
"1109",638,0.726057505998388,43
"1110",669,1.0921591666037,43
"1111",699,1.59805572282961,43
"1112",730,2.05282571740203,43
"1113",761,2.07395863160195,43
"1114",790,1.75032248588624,43
"1115",821,1.2990224878458,43
"1116",851,0.933194195168638,43
"1117",882,0.682635785816253,43
"1118",912,0.547160899425835,43
"1119",151,0.670308572990793,44
"1120",181,0.54029104610827,44
"1121",212,0.494739529934275,44
"1122",243,0.545420672040454,44
"1123",273,0.729752251540644,44
"1124",304,1.09733804350357,44
"1125",334,1.59925792319919,44
"1126",365,2.03973499629329,44
"1127",396,2.04186505175536,44
"1128",424,1.72288155788411,44
"1129",455,1.2736473598293,44
"1130",485,0.91363297044783,44
"1131",516,0.670308572990793,44
"1132",546,0.54029104610827,44
"1133",577,0.494739529934275,44
"1134",608,0.545420672040454,44
"1135",638,0.729752251540644,44
"1136",669,1.09733804350357,44
"1137",699,1.59925792319919,44
"1138",730,2.03973499629329,44
"1139",761,2.04186505175536,44
"1140",790,1.70868927195452,44
"1141",821,1.25988349573586,44
"1142",851,0.903753549937866,44
"1143",882,0.664452156774634,44
"1144",912,0.537470182704133,44
"1145",151,0.670908470684563,45
"1146",181,0.54100194876073,45
"1147",212,0.495670716629187,45
"1148",243,0.546739564589611,45
"1149",273,0.731776116552689,45
"1150",304,1.10055472411692,45
"1151",334,1.60384541088083,45
"1152",365,2.04497061737504,45
"1153",396,2.04603662912379,45
"1154",424,1.72546825326648,45
"1155",455,1.2749106206572,45
"1156",485,0.914320866742223,45
"1157",516,0.670908470684563,45
"1158",546,0.54100194876073,45
"1159",577,0.495670716629187,45
"1160",608,0.546739564589611,45
"1161",638,0.731776116552689,45
"1162",669,1.10055472411692,45
"1163",699,1.60384541088083,45
"1164",730,2.04497061737504,45
"1165",761,2.04603662912379,45
"1166",790,1.71122255014601,45
"1167",821,1.2611168200295,45
"1168",851,0.904432449498619,45
"1169",882,0.665053721309839,45
"1170",912,0.538186535681726,45
"1171",151,0.666665228562329,46
"1172",181,0.538663484220647,46
"1173",212,0.494426622376603,46
"1174",243,0.545871533345146,46
"1175",273,0.730333248902186,46
"1176",304,1.09685157568446,46
"1177",334,1.59554807381287,46
"1178",365,2.03066715547869,46
"1179",396,2.02903117135328,46
"1180",424,1.7100654307954,46
"1181",455,1.26358267864541,46
"1182",485,0.906974782007817,46
"1183",516,0.666665228562329,46
"1184",546,0.538663484220647,46
"1185",577,0.494426622376603,46
"1186",608,0.545871533345146,46
"1187",638,0.730333248902186,46
"1188",669,1.09685157568446,46
"1189",699,1.59554807381287,46
"1190",730,2.03066715547869,46
"1191",761,2.02903117135328,46
"1192",790,1.69592810611553,46
"1193",821,1.24993036845271,46
"1194",851,0.897204833772297,46
"1195",882,0.660890405691241,46
"1196",912,0.535895674232569,46
"1197",151,0.663877550652793,47
"1198",181,0.533913386929548,47
"1199",212,0.488418906838186,47
"1200",243,0.538926257373243,47
"1201",273,0.723120669586598,47
"1202",304,1.0917831544911,47
"1203",334,1.59718931679109,47
"1204",365,2.04217331775347,47
"1205",396,2.04452035795649,47
"1206",424,1.72236023675802,47
"1207",455,1.26953494161951,47
"1208",485,0.907699499436192,47
"1209",516,0.663877550652793,47
"1210",546,0.533913386929548,47
"1211",577,0.488418906838186,47
"1212",608,0.538926257373243,47
"1213",638,0.723120669586598,47
"1214",669,1.0917831544911,47
"1215",699,1.59718931679109,47
"1216",730,2.04217331775347,47
"1217",761,2.04452035795649,47
"1218",790,1.70803664264994,47
"1219",821,1.25568190365441,47
"1220",851,0.897786830776279,47
"1221",882,0.658018297150156,47
"1222",912,0.531096364325885,47
"1223",151,0.669340478349817,48
"1224",181,0.539923206678109,48
"1225",212,0.494842874372978,48
"1226",243,0.54592637507912,48
"1227",273,0.730663099125623,48
"1228",304,1.09865498755248,48
"1229",334,1.60061751579808,48
"1230",365,2.04022847088844,48
"1231",396,2.0407923038847,48
"1232",424,1.72081094839267,48
"1233",455,1.27143000342125,48
"1234",485,0.911930274028697,48
"1235",516,0.669340478349817,48
"1236",546,0.539923206678109,48
"1237",577,0.494842874372978,48
"1238",608,0.54592637507912,48
"1239",638,0.730663099125623,48
"1240",669,1.09865498755248,48
"1241",699,1.60061751579808,48
"1242",730,2.04022847088844,48
"1243",761,2.0407923038847,48
"1244",790,1.7065983964607,48
"1245",821,1.25767562436626,48
"1246",851,0.902073695342764,48
"1247",882,0.663506615324955,48
"1248",912,0.537119602481509,48
"1249",151,0.670052837161508,49
"1250",181,0.541865080582175,49
"1251",212,0.497607684899529,49
"1252",243,0.549309087967221,49
"1253",273,0.734317540327642,49
"1254",304,1.10141291071599,49
"1255",334,1.60015925052125,49
"1256",365,2.03468938990497,49
"1257",396,2.03267357628768,49
"1258",424,1.71377291105863,49
"1259",455,1.26736021557273,49
"1260",485,0.910607896970694,49
"1261",516,0.670052837161508,49
"1262",546,0.541865080582175,49
"1263",577,0.497607684899529,49
"1264",608,0.549309087967221,49
"1265",638,0.734317540327642,49
"1266",669,1.10141291071599,49
"1267",699,1.60015925052125,49
"1268",730,2.03468938990497,49
"1269",761,2.03267357628768,49
"1270",790,1.69964021010067,49
"1271",821,1.25370638737467,49
"1272",851,0.900830575320114,49
"1273",882,0.664270296109308,49
"1274",912,0.539093320142502,49
"1275",151,0.668457525430457,50
"1276",181,0.540935778560537,50
"1277",212,0.497284237130281,50
"1278",243,0.549588822473159,50
"1279",273,0.735395089497501,50
"1280",304,1.10375528677462,50
"1281",334,1.60386406735512,50
"1282",365,2.03857786604303,50
"1283",396,2.03441597497773,50
"1284",424,1.71313074704759,50
"1285",455,1.26526735604825,50
"1286",485,0.908414876284369,50
"1287",516,0.668457525430457,50
"1288",546,0.540935778560537,50
"1289",577,0.497284237130281,50
"1290",608,0.549588822473159,50
"1291",638,0.735395089497501,50
"1292",669,1.10375528677462,50
"1293",699,1.60386406735512,50
"1294",730,2.03857786604303,50
"1295",761,2.03441597497773,50
"1296",790,1.69892735511388,50
"1297",821,1.25159214579348,50
"1298",851,0.898649823778029,50
"1299",882,0.6626977713049,50
"1300",912,0.538184886140224,50
"1301",151,0.666063863522625,51
"1302",181,0.538421091615813,51
"1303",212,0.494753168280528,51
"1304",243,0.547051577974716,51
"1305",273,0.733051767614471,51
"1306",304,1.10245864728678,51
"1307",334,1.60496918396356,51
"1308",365,2.04244735219612,51
"1309",396,2.03830207632691,51
"1310",424,1.71497349416758,51
"1311",455,1.26474505608623,51
"1312",485,0.906551541903749,51
"1313",516,0.666063863522625,51
"1314",546,0.538421091615813,51
"1315",577,0.494753168280528,51
"1316",608,0.547051577974716,51
"1317",638,0.733051767614471,51
"1318",669,1.10245864728678,51
"1319",699,1.60496918396356,51
"1320",730,2.04244735219612,51
"1321",761,2.03830207632691,51
"1322",790,1.70068564577563,51
"1323",821,1.25100845352614,51
"1324",851,0.896758303312621,51
"1325",882,0.660295977503161,51
"1326",912,0.535668994965916,51
"1327",151,0.670038769599685,52
"1328",181,0.541872414395561,52
"1329",212,0.497606249948133,52
"1330",243,0.549268063533259,52
"1331",273,0.734176005986978,52
"1332",304,1.10104737688573,52
"1333",334,1.59944845802058,52
"1334",365,2.03367902147825,52
"1335",396,2.03174584116959,52
"1336",424,1.71315307949838,52
"1337",455,1.26707094380903,52
"1338",485,0.910511032478899,52
"1339",516,0.670038769599685,52
"1340",546,0.541872414395561,52
"1341",577,0.497606249948133,52
"1342",608,0.549268063533259,52
"1343",638,0.734176005986978,52
"1344",669,1.10104737688573,52
"1345",699,1.59944845802058,52
"1346",730,2.03367902147825,52
"1347",761,2.03174584116959,52
"1348",790,1.69903233482425,52
"1349",821,1.25342572513527,52
"1350",851,0.900737918993329,52
"1351",882,0.664257629312638,52
"1352",912,0.539100783400732,52
"1353",151,0.668644791969008,53
"1354",181,0.538749772695237,53
"1355",212,0.493630070938402,53
"1356",243,0.545054527333235,53
"1357",273,0.730933572239879,53
"1358",304,1.10192090220405,53
"1359",334,1.6090733616372,53
"1360",365,2.05380459222607,53
"1361",396,2.05387913980958,53
"1362",424,1.72958565159674,53
"1363",455,1.2752207808428,53
"1364",485,0.912668468122316,53
"1365",516,0.668644791969008,53
"1366",546,0.538749772695237,53
"1367",577,0.493630070938402,53
"1368",608,0.545054527333235,53
"1369",638,0.730933572239879,53
"1370",669,1.10192090220405,53
"1371",699,1.6090733616372,53
"1372",730,2.05380459222607,53
"1373",761,2.05387913980958,53
"1374",790,1.71519766964873,53
"1375",821,1.26133291758006,53
"1376",851,0.902742452670772,53
"1377",882,0.662784255571015,53
"1378",912,0.535939207880382,53
"1379",151,0.664088426475957,54
"1380",181,0.534944591483355,54
"1381",212,0.49047319233996,54
"1382",243,0.542402933789943,54
"1383",273,0.728944232603916,54
"1384",304,1.10150486454963,54
"1385",334,1.61129655578613,54
"1386",365,2.05792500513622,54
"1387",396,2.05589615099915,54
"1388",424,1.72797707058396,54
"1389",455,1.27084075562903,54
"1390",485,0.907599290362714,54
"1391",516,0.664088426475957,54
"1392",546,0.534944591483355,54
"1393",577,0.49047319233996,54
"1394",608,0.542402933789943,54
"1395",638,0.728944232603916,54
"1396",669,1.10150486454963,54
"1397",699,1.61129655578613,54
"1398",730,2.05792500513622,54
"1399",761,2.05589615099915,54
"1400",790,1.71346842467452,54
"1401",821,1.25690044307251,54
"1402",851,0.897676607810436,54
"1403",882,0.658252418186911,54
"1404",912,0.532157780556673,54
"1405",151,0.660385416143883,55
"1406",181,0.532381598319323,55
"1407",212,0.488902055324142,55
"1408",243,0.541739476058054,55
"1409",273,0.729446136789978,55
"1410",304,1.1040113842767,55
"1411",334,1.61624097257814,55
"1412",365,2.06355840825709,55
"1413",396,2.05805296827026,55
"1414",424,1.72599830621956,55
"1415",455,1.26629141784087,55
"1416",485,0.902861925721256,55
"1417",516,0.660385416143883,55
"1418",546,0.532381598319323,55
"1419",577,0.488902055324142,55
"1420",608,0.541739476058054,55
"1421",638,0.729446136789978,55
"1422",669,1.1040113842767,55
"1423",699,1.61624097257814,55
"1424",730,2.06355840825709,55
"1425",761,2.05805296827026,55
"1426",790,1.71136522027526,55
"1427",821,1.25231289017112,55
"1428",851,0.892960463161509,55
"1429",882,0.654588762455503,55
"1430",912,0.529629949173345,55
"1431",151,0.664166489740645,56
"1432",181,0.535414614281202,56
"1433",212,0.491191831858829,56
"1434",243,0.543285911388442,56
"1435",273,0.729851305159202,56
"1436",304,1.10202288772526,56
"1437",334,1.61066933808466,56
"1438",365,2.05560815855819,56
"1439",396,2.05282724126956,56
"1440",424,1.72538057507756,56
"1441",455,1.26931028447361,56
"1442",485,0.907007429448033,56
"1443",516,0.664166489740645,56
"1444",546,0.535414614281202,56
"1445",577,0.491191831858829,56
"1446",608,0.543285911388442,56
"1447",638,0.729851305159202,56
"1448",669,1.10202288772526,56
"1449",699,1.61066933808466,56
"1450",730,2.05560815855819,56
"1451",761,2.05282724126956,56
"1452",790,1.71090194900662,56
"1453",821,1.25540497522559,56
"1454",851,0.897111261300992,56
"1455",882,0.658347085282924,56
"1456",912,0.532637728788854,56
"1457",151,0.663914841538225,57
"1458",181,0.535260139603962,57
"1459",212,0.490997531007439,57
"1460",243,0.542904843542842,57
"1461",273,0.729004518945674,57
"1462",304,1.10017261551235,57
"1463",334,1.60731630581264,57
"1464",365,2.05098958378295,57
"1465",396,2.04860399368238,57
"1466",424,1.72250274604819,57
"1467",455,1.26786263695266,57
"1468",485,0.906392953838193,57
"1469",516,0.663914841538225,57
"1470",546,0.535260139603962,57
"1471",577,0.490997531007439,57
"1472",608,0.542904843542842,57
"1473",638,0.729004518945674,57
"1474",669,1.10017261551235,57
"1475",699,1.60731630581264,57
"1476",730,2.05098958378295,57
"1477",761,2.04860399368238,57
"1478",790,1.70807598759763,57
"1479",821,1.25399453564739,57
"1480",851,0.896515090976326,57
"1481",882,0.658101680625937,57
"1482",912,0.53248389596852,57
"1483",151,0.660472609582235,58
"1484",181,0.532055329615424,58
"1485",212,0.488253248672975,58
"1486",243,0.540793994372558,58
"1487",273,0.728205676064492,58
"1488",304,1.10259267675443,58
"1489",334,1.61513475448453,58
"1490",365,2.0635071390591,58
"1491",396,2.0591265409329,58
"1492",424,1.72745493616978,58
"1493",455,1.26748780660905,58
"1494",485,0.90351276034436,58
"1495",516,0.660472609582235,58
"1496",546,0.532055329615424,58
"1497",577,0.488253248672975,58
"1498",608,0.540793994372558,58
"1499",638,0.728205676064492,58
"1500",669,1.10259267675443,58
"1501",699,1.61513475448453,58
"1502",730,2.0635071390591,58
"1503",761,2.0591265409329,58
"1504",790,1.71282285314516,58
"1505",821,1.25349357138347,58
"1506",851,0.89359194316674,58
"1507",882,0.654659926945699,58
"1508",912,0.529292029921281,58
"1509",151,0.661883004615849,59
"1510",181,0.534707249419167,59
"1511",212,0.491633924836498,59
"1512",243,0.544609900376243,59
"1513",273,0.731854371696755,59
"1514",304,1.10423397654191,59
"1515",334,1.61164966329252,59
"1516",365,2.05316521994675,59
"1517",396,2.04669758030836,59
"1518",424,1.71794574074617,59
"1519",455,1.26282476664535,59
"1520",485,0.902571412864813,59
"1521",516,0.661883004615849,59
"1522",546,0.534707249419167,59
"1523",577,0.491633924836498,59
"1524",608,0.544609900376243,59
"1525",638,0.731854371696755,59
"1526",669,1.10423397654191,59
"1527",699,1.61164966329252,59
"1528",730,2.05316521994675,59
"1529",761,2.04669758030836,59
"1530",790,1.7034636857384,59
"1531",821,1.24897754327133,59
"1532",851,0.892748769529993,59
"1533",882,0.6561250990696,59
"1534",912,0.531973916978028,59
"1535",151,0.661228401925172,60
"1536",181,0.533174164005575,60
"1537",212,0.489374634341902,60
"1538",243,0.541604612468571,60
"1539",273,0.728018898778094,60
"1540",304,1.0997905061387,60
"1541",334,1.60779776238354,60
"1542",365,2.05173835497875,60
"1543",396,2.04790767168759,60
"1544",424,1.72009051332029,60
"1545",455,1.26447344513466,60
"1546",485,0.903095167903726,60
"1547",516,0.661228401925172,60
"1548",546,0.533174164005575,60
"1549",577,0.489374634341902,60
"1550",608,0.541604612468571,60
"1551",638,0.728018898778094,60
"1552",669,1.0997905061387,60
"1553",699,1.60779776238354,60
"1554",730,2.05173835497875,60
"1555",761,2.04790767168759,60
"1556",790,1.70561325485534,60
"1557",821,1.25059417186896,60
"1558",851,0.893232297704971,60
"1559",882,0.655436801401158,60
"1560",912,0.530415562431189,60
"1561",151,0.662320749139231,61
"1562",181,0.534785511725083,61
"1563",212,0.491510441208137,61
"1564",243,0.544412172091044,61
"1565",273,0.731776440282662,61
"1566",304,1.10469152993266,61
"1567",334,1.61325257376383,61
"1568",365,2.05623170736891,61
"1569",396,2.05026703256009,61
"1570",424,1.72095750412286,61
"1571",455,1.26478675811658,61
"1572",485,0.90363785645721,61
"1573",516,0.662320749139231,61
"1574",546,0.534785511725083,61
"1575",577,0.491510441208137,61
"1576",608,0.544412172091044,61
"1577",638,0.731776440282662,61
"1578",669,1.10469152993266,61
"1579",699,1.61325257376383,61
"1580",730,2.05623170736891,61
"1581",761,2.05026703256009,61
"1582",790,1.70644467666443,61
"1583",821,1.25090585575674,61
"1584",851,0.893790149358048,61
"1585",882,0.656547378955152,61
"1586",912,0.532043404633675,61
"1587",151,0.656882900953043,62
"1588",181,0.527138349071506,62
"1589",212,0.482704384940852,62
"1590",243,0.535005459429879,62
"1591",273,0.723169711578419,62
"1592",304,1.10139559442293,62
"1593",334,1.62262070024534,62
"1594",365,2.0815285668,62
"1595",396,2.07873886629908,62
"1596",424,1.74087871018683,62
"1597",455,1.27254586169333,62
"1598",485,0.902951211559499,62
"1599",516,0.656882900953043,62
"1600",546,0.527138349071506,62
"1601",577,0.482704384940852,62
"1602",608,0.535005459429879,62
"1603",638,0.723169711578419,62
"1604",669,1.10139559442293,62
"1605",699,1.62262070024534,62
"1606",730,2.0815285668,62
"1607",761,2.07873886629908,62
"1608",790,1.72596758250438,62
"1609",821,1.25831572102237,62
"1610",851,0.892894006096163,62
"1611",882,0.651006645613598,62
"1612",912,0.524346514827437,62
"1613",151,0.661607308878234,63
"1614",181,0.532505265804469,63
"1615",212,0.48845049676706,63
"1616",243,0.541140489579913,63
"1617",273,0.729383881193686,63
"1618",304,1.10596951939455,63
"1619",334,1.62231205193215,63
"1620",365,2.07463713058898,63
"1621",396,2.07047570338672,63
"1622",424,1.73611301754782,63
"1623",455,1.27258992238718,63
"1624",485,0.906107321354105,63
"1625",516,0.661607308878234,63
"1626",546,0.532505265804469,63
"1627",577,0.48845049676706,63
"1628",608,0.541140489579913,63
"1629",638,0.729383881193686,63
"1630",669,1.10596951939455,63
"1631",699,1.62231205193215,63
"1632",730,2.07463713058898,63
"1633",761,2.07047570338672,63
"1634",790,1.72136311105364,63
"1635",821,1.25849342394808,63
"1636",851,0.896123109584322,63
"1637",882,0.655762345976681,63
"1638",912,0.529727640692901,63
"1639",151,0.667289891782475,64
"1640",181,0.536666175168898,64
"1641",212,0.491460697430066,64
"1642",243,0.543337357190891,64
"1643",273,0.730834250990867,64
"1644",304,1.10622835816807,64
"1645",334,1.62120349338708,64
"1646",365,2.07380816448371,64
"1647",396,2.0732857907126,64
"1648",424,1.74252279728324,64
"1649",455,1.28063687392277,64
"1650",485,0.913478635695732,64
"1651",516,0.667289891782475,64
"1652",546,0.536666175168898,64
"1653",577,0.491460697430066,64
"1654",608,0.543337357190891,64
"1655",638,0.730834250990867,64
"1656",669,1.10622835816807,64
"1657",699,1.62120349338708,64
"1658",730,2.07380816448371,64
"1659",761,2.0732857907126,64
"1660",790,1.72787038082602,64
"1661",821,1.26654751855402,64
"1662",851,0.903447868622662,64
"1663",882,0.661388989652161,64
"1664",912,0.533844626746347,64
"1665",151,0.658180928315082,65
"1666",181,0.529158797929469,65
"1667",212,0.485200195026945,65
"1668",243,0.537890976996417,65
"1669",273,0.726232336780345,65
"1670",304,1.10372810100145,65
"1671",334,1.62239807591146,65
"1672",365,2.07742629853663,65
"1673",396,2.07304619349539,65
"1674",424,1.73643192189168,65
"1675",455,1.27055251399149,65
"1676",485,0.902941966045566,65
"1677",516,0.658180928315082,65
"1678",546,0.529158797929469,65
"1679",577,0.485200195026945,65
"1680",608,0.537890976996417,65
"1681",638,0.726232336780345,65
"1682",669,1.10372810100145,65
"1683",699,1.62239807591146,65
"1684",730,2.07742629853663,65
"1685",761,2.07304619349539,65
"1686",790,1.72159339349056,65
"1687",821,1.2563992881831,65
"1688",851,0.892938318995986,65
"1689",882,0.652335806528458,65
"1690",912,0.526385165811596,65
"1691",151,0.662334271666042,66
"1692",181,0.531923941052658,66
"1693",212,0.486977724938077,66
"1694",243,0.539017885865521,66
"1695",273,0.726915234013893,66
"1696",304,1.10404121825258,66
"1697",334,1.62283095982127,66
"1698",365,2.07949006907803,66
"1699",396,2.07817606743135,66
"1700",424,1.74354747074229,66
"1701",455,1.27779689636751,66
"1702",485,0.908859743174209,66
"1703",516,0.662334271666042,66
"1704",546,0.531923941052658,66
"1705",577,0.486977724938077,66
"1706",608,0.539017885865521,66
"1707",638,0.726915234013893,66
"1708",669,1.10404121825258,66
"1709",699,1.62283095982127,66
"1710",730,2.07949006907803,66
"1711",761,2.07817606743135,66
"1712",790,1.72874731770462,66
"1713",821,1.26361623369068,66
"1714",851,0.898799954973727,66
"1715",882,0.656435936103375,66
"1716",912,0.529111748232847,66
"1717",151,0.618914084107748,67
"1718",181,0.496651025482815,67
"1719",212,0.457988960119924,67
"1720",243,0.514233038520699,67
"1721",273,0.706661456485082,67
"1722",304,1.0947928876645,67
"1723",334,1.63245247265645,67
"1724",365,2.10071899535784,67
"1725",396,2.07849648844629,67
"1726",424,1.71374208860448,67
"1727",455,1.22833221332125,67
"1728",485,0.857847296403968,67
"1729",516,0.618914084107748,67
"1730",546,0.496651025482815,67
"1731",577,0.457988960119924,67
"1732",608,0.514233038520699,67
"1733",638,0.706661456485082,67
"1734",669,1.0947928876645,67
"1735",699,1.63245247265645,67
"1736",730,2.10071899535784,67
"1737",761,2.07849648844629,67
"1738",790,1.69800302065992,67
"1739",821,1.21385515301596,67
"1740",851,0.84794389672273,67
"1741",882,0.613303001817907,67
"1742",912,0.494080376504661,67
"1743",151,0.651856855706168,68
"1744",181,0.524895110851056,68
"1745",212,0.482532580039111,68
"1746",243,0.536465523906295,68
"1747",273,0.726065474700259,68
"1748",304,1.10538332192369,68
"1749",334,1.62576024639721,68
"1750",365,2.07983332783047,68
"1751",396,2.07012280068295,68
"1752",424,1.7286895735367,68
"1753",455,1.2608335153157,68
"1754",485,0.894288651138229,68
"1755",516,0.651856855706168,68
"1756",546,0.524895110851056,68
"1757",577,0.482532580039111,68
"1758",608,0.536465523906295,68
"1759",638,0.726065474700259,68
"1760",669,1.10538332192369,68
"1761",699,1.62576024639721,68
"1762",730,2.07983332783047,68
"1763",761,2.07012280068295,68
"1764",790,1.71372584055468,68
"1765",821,1.24667768213828,68
"1766",851,0.884350911596149,68
"1767",882,0.646087674704182,68
"1768",912,0.522181184489155,68
"1769",151,0.66050639576135,69
"1770",181,0.532345654674074,69
"1771",212,0.488831424718963,69
"1772",243,0.541748000481062,69
"1773",273,0.729748030326609,69
"1774",304,1.10506025679377,69
"1775",334,1.6185552942868,69
"1776",365,2.06712098221242,69
"1777",396,2.06153921561966,69
"1778",424,1.72848331145781,69
"1779",455,1.26757932431247,69
"1780",485,0.90337947035332,69
"1781",516,0.66050639576135,69
"1782",546,0.532345654674074,69
"1783",577,0.488831424718963,69
"1784",608,0.541748000481062,69
"1785",638,0.729748030326609,69
"1786",669,1.10506025679377,69
"1787",699,1.6185552942868,69
"1788",730,2.06712098221242,69
"1789",761,2.06153921561966,69
"1790",790,1.71380881363819,69
"1791",821,1.25356798290538,69
"1792",851,0.893459715662607,69
"1793",882,0.654701716460304,69
"1794",912,0.529591201524446,69
"1795",151,0.657392934225829,70
"1796",181,0.528827386683625,70
"1797",212,0.485228475972938,70
"1798",243,0.538230339548193,70
"1799",273,0.726897716192891,70
"1800",304,1.10475146729939,70
"1801",334,1.62353147840932,70
"1802",365,2.07795059865958,70
"1803",396,2.07232682877588,70
"1804",424,1.73487646769942,70
"1805",455,1.26883351740698,70
"1806",485,0.90159815893932,70
"1807",516,0.657392934225829,70
"1808",546,0.528827386683625,70
"1809",577,0.485228475972938,70
"1810",608,0.538230339548193,70
"1811",638,0.726897716192891,70
"1812",669,1.10475146729939,70
"1813",699,1.62353147840932,70
"1814",730,2.07795059865958,70
"1815",761,2.07232682877588,70
"1816",790,1.72002015392708,70
"1817",821,1.25468653763687,70
"1818",851,0.891611669241621,70
"1819",882,0.651564944816602,70
"1820",912,0.52606690136134,70
"1821",151,0.65725943597584,71
"1822",181,0.528851048625507,71
"1823",212,0.485367336906016,71
"1824",243,0.538462935930915,71
"1825",273,0.727207110685365,71
"1826",304,1.10507829950794,71
"1827",334,1.62369697031838,71
"1828",365,2.07770961563577,71
"1829",396,2.07170013932143,71
"1830",424,1.73415227001482,71
"1831",455,1.26824867644918,71
"1832",485,0.901242393781241,71
"1833",516,0.65725943597584,71
"1834",546,0.528851048625507,71
"1835",577,0.485367336906016,71
"1836",608,0.538462935930915,71
"1837",638,0.727207110685365,71
"1838",669,1.10507829950794,71
"1839",699,1.62369697031838,71
"1840",730,2.07770961563577,71
"1841",761,2.07170013932143,71
"1842",790,1.71929715356194,71
"1843",821,1.25410866050273,71
"1844",851,0.891263712043986,71
"1845",882,0.651437642423095,71
"1846",912,0.52609488193183,71
"1847",151,0.650344632372156,72
"1848",181,0.522958402232753,72
"1849",212,0.480586316192665,72
"1850",243,0.534846625693708,72
"1851",273,0.725585624961683,72
"1852",304,1.10810722075695,72
"1853",334,1.63428489915294,72
"1854",365,2.09418165464996,72
"1855",396,2.08382251495182,72
"1856",424,1.73741570431625,72
"1857",455,1.26399904161357,72
"1858",485,0.894202997627289,72
"1859",516,0.650344632372156,72
"1860",546,0.522958402232753,72
"1861",577,0.480586316192665,72
"1862",608,0.534846625693708,72
"1863",638,0.725585624961683,72
"1864",669,1.10810722075695,72
"1865",699,1.63428489915294,72
"1866",730,2.09418165464996,72
"1867",761,2.08382251495182,72
"1868",790,1.722252678877,72
"1869",821,1.24969775568837,72
"1870",851,0.884193830913943,72
"1871",882,0.64455041678721,72
"1872",912,0.520239084099911,72
"1873",151,0.657013587671056,73
"1874",181,0.527583314787472,73
"1875",212,0.483697361957953,73
"1876",243,0.536885659213107,73
"1877",273,0.726690321627869,73
"1878",304,1.10794615932413,73
"1879",334,1.63307152480272,73
"1880",365,2.09428533567791,73
"1881",396,2.08885314080536,73
"1882",424,1.74656899628868,73
"1883",455,1.27448705140982,73
"1884",485,0.903298336944644,73
"1885",516,0.657013587671056,73
"1886",546,0.527583314787472,73
"1887",577,0.483697361957953,73
"1888",608,0.536885659213107,73
"1889",638,0.726690321627869,73
"1890",669,1.10794615932413,73
"1891",699,1.63307152480272,73
"1892",730,2.09428533567791,73
"1893",761,2.08885314080536,73
"1894",790,1.73150655227681,73
"1895",821,1.26017273331204,73
"1896",851,0.893217034514521,73
"1897",882,0.651142719243057,73
"1898",912,0.52480595298794,73
"1899",151,0.651833435301297,74
"1900",181,0.522857640789475,74
"1901",212,0.479366019261054,74
"1902",243,0.53277423232735,74
"1903",273,0.722931494376547,74
"1904",304,1.10566210486037,74
"1905",334,1.6340259905435,74
"1906",365,2.09847947446032,74
"1907",396,2.09181788645405,74
"1908",424,1.74583894089557,74
"1909",455,1.27044931877554,74
"1910",485,0.898038007170197,74
"1911",516,0.651833435301297,74
"1912",546,0.522857640789475,74
"1913",577,0.479366019261054,74
"1914",608,0.53277423232735,74
"1915",638,0.722931494376547,74
"1916",669,1.10566210486037,74
"1917",699,1.6340259905435,74
"1918",730,2.09847947446032,74
"1919",761,2.09181788645405,74
"1920",790,1.73064280539541,74
"1921",821,1.25606352793859,74
"1922",851,0.887944001452112,74
"1923",882,0.645975512308645,74
"1924",912,0.520095499302805,74
"1925",151,0.64984906332829,75
"1926",181,0.521844944777787,75
"1927",212,0.479205924662738,75
"1928",243,0.533458250504752,75
"1929",273,0.724725926898405,75
"1930",304,1.10916609055518,75
"1931",334,1.6392439210624,75
"1932",365,2.10361126165275,75
"1933",396,2.09373348288393,75
"1934",424,1.74451473416788,75
"1935",455,1.26738775117732,75
"1936",485,0.895085274283952,75
"1937",516,0.64984906332829,75
"1938",546,0.521844944777787,75
"1939",577,0.479205924662738,75
"1940",608,0.533458250504752,75
"1941",638,0.724725926898405,75
"1942",669,1.10916609055518,75
"1943",699,1.6392439210624,75
"1944",730,2.10361126165275,75
"1945",761,2.09373348288393,75
"1946",790,1.72922739604848,75
"1947",821,1.2529818349586,75
"1948",851,0.885014704953053,75
"1949",882,0.644025420117436,75
"1950",912,0.519112492263621,75
"1951",151,0.654098522111563,76
"1952",181,0.525464070614146,76
"1953",212,0.482216484572508,76
"1954",243,0.535915147855505,76
"1955",273,0.726299724586609,76
"1956",304,1.10857486463167,76
"1957",334,1.63498638404723,76
"1958",365,2.09646935151662,76
"1959",396,2.08885454980021,76
"1960",424,1.74411118936007,76
"1961",455,1.27065684154185,76
"1962",485,0.899575267553414,76
"1963",516,0.654098522111563,76
"1964",546,0.525464070614146,76
"1965",577,0.482216484572508,76
"1966",608,0.535915147855505,76
"1967",638,0.726299724586609,76
"1968",669,1.10857486463167,76
"1969",699,1.63498638404723,76
"1970",730,2.09646935151662,76
"1971",761,2.08885454980021,76
"1972",790,1.72897744265907,76
"1973",821,1.25632669637643,76
"1974",851,0.889513719635731,76
"1975",882,0.648256128604839,76
"1976",912,0.522710335200701,76
"1977",151,0.641205598417092,77
"1978",181,0.513357031368814,77
"1979",212,0.471238524434195,77
"1980",243,0.526137404723549,77
"1981",273,0.719139785494212,77
"1982",304,1.10921062509502,77
"1983",334,1.65037276883777,77
"1984",365,2.12590134952318,77
"1985",396,2.11354018136508,77
"1986",424,1.75349918257799,77
"1987",455,1.26551103778879,77
"1988",485,0.887901958768516,77
"1989",516,0.641205598417092,77
"1990",546,0.513357031368814,77
"1991",577,0.471238524434195,77
"1992",608,0.526137404723549,77
"1993",638,0.719139785494212,77
"1994",669,1.10921062509502,77
"1995",699,1.65037276883777,77
"1996",730,2.12590134952318,77
"1997",761,2.11354018136508,77
"1998",790,1.73779978826034,77
"1999",821,1.25084342256944,77
"2000",851,0.877734996775626,77
"2001",882,0.635372260046744,77
"2002",912,0.510639343577994,77
"2003",151,0.647173622381119,78
"2004",181,0.519340656119922,78
"2005",212,0.477079612710739,78
"2006",243,0.531885167764172,78
"2007",273,0.724347291370326,78
"2008",304,1.1117528587742,78
"2009",334,1.6468394498028,78
"2010",365,2.11559127789106,78
"2011",396,2.10387465052148,78
"2012",424,1.749525718672,78
"2013",455,1.26753410339674,78
"2014",485,0.892950809475644,78
"2015",516,0.647173622381119,78
"2016",546,0.519340656119922,78
"2017",577,0.477079612710739,78
"2018",608,0.531885167764172,78
"2019",638,0.724347291370326,78
"2020",669,1.1117528587742,78
"2021",699,1.6468394498028,78
"2022",730,2.11559127789106,78
"2023",761,2.10387465052148,78
"2024",790,1.73405008489311,78
"2025",821,1.25301349359935,78
"2026",851,0.882840716281493,78
"2027",882,0.641349038379647,78
"2028",912,0.516618480354486,78
"2029",151,0.650787407411914,79
"2030",181,0.522338841401156,79
"2031",212,0.479698344383419,79
"2032",243,0.534405775745463,79
"2033",273,0.726983654812975,79
"2034",304,1.11443343491448,79
"2035",334,1.64925742397843,79
"2036",365,2.11791309063938,79
"2037",396,2.10718196133006,79
"2038",424,1.75392978221846,79
"2039",455,1.27233313245115,79
"2040",485,0.897316478602881,79
"2041",516,0.650787407411914,79
"2042",546,0.522338841401156,79
"2043",577,0.479698344383419,79
"2044",608,0.534405775745463,79
"2045",638,0.726983654812975,79
"2046",669,1.11443343491448,79
"2047",699,1.64925742397843,79
"2048",730,2.11791309063938,79
"2049",761,2.10718196133006,79
"2050",790,1.73848305448704,79
"2051",821,1.257808579088,79
"2052",851,0.887183913466513,79
"2053",882,0.644939187469424,79
"2054",912,0.519600090377595,79
"2055",151,0.652467765212162,80
"2056",181,0.523851844321556,80
"2057",212,0.480953717996121,80
"2058",243,0.535327125306731,80
"2059",273,0.727235478968906,80
"2060",304,1.11306159091014,80
"2061",334,1.64518266647423,80
"2062",365,2.11155449384793,80
"2063",396,2.10198283139705,80
"2064",424,1.75161206127374,80
"2065",455,1.27265343273467,80
"2066",485,0.89879912474727,80
"2067",516,0.652467765212162,80
"2068",546,0.523851844321556,80
"2069",577,0.480953717996121,80
"2070",608,0.535327125306731,80
"2071",638,0.727235478968906,80
"2072",669,1.11306159091014,80
"2073",699,1.64518266647423,80
"2074",730,2.11155449384793,80
"2075",761,2.10198283139705,80
"2076",790,1.73626923654324,80
"2077",821,1.2581894396087,80
"2078",851,0.888684919673397,80
"2079",882,0.646617189689104,80
"2080",912,0.521105456383061,80
"2081",151,0.653407881582349,81
"2082",181,0.523489392265022,81
"2083",212,0.479644876489447,81
"2084",243,0.533243398409427,81
"2085",273,0.72451930381317,81
"2086",304,1.11025990702051,81
"2087",334,1.64390295774699,81
"2088",365,2.11391134351653,81
"2089",396,2.10758580432055,81
"2090",424,1.75785066738056,81
"2091",455,1.27750897159213,81
"2092",485,0.901624881850966,81
"2093",516,0.653407881582349,81
"2094",546,0.523489392265022,81
"2095",577,0.479644876489447,81
"2096",608,0.533243398409427,81
"2097",638,0.72451930381317,81
"2098",669,1.11025990702051,81
"2099",699,1.64390295774699,81
"2100",730,2.11391134351653,81
"2101",761,2.10758580432055,81
"2102",790,1.74249009222717,81
"2103",821,1.26298118656647,81
"2104",851,0.891443340179686,81
"2105",882,0.647505535124591,81
"2106",912,0.520707474903891,81
"2107",151,0.648208104745808,82
"2108",181,0.519009484891161,82
"2109",212,0.47573006027194,82
"2110",243,0.529665572864147,82
"2111",273,0.721336573422911,82
"2112",304,1.10837998113896,82
"2113",334,1.64466593517106,82
"2114",365,2.1169384153308,82
"2115",396,2.10880769530648,82
"2116",424,1.75551839494441,82
"2117",455,1.27243868643571,82
"2118",485,0.895905866224771,82
"2119",516,0.648208104745808,82
"2120",546,0.519009484891161,82
"2121",577,0.47573006027194,82
"2122",608,0.529665572864147,82
"2123",638,0.721336573422911,82
"2124",669,1.10837998113896,82
"2125",699,1.64466593517106,82
"2126",730,2.1169384153308,82
"2127",761,2.10880769530648,82
"2128",790,1.74003819333837,82
"2129",821,1.25785983812382,82
"2130",851,0.885728579818142,82
"2131",882,0.64232983440024,82
"2132",912,0.516249571817999,82
"2133",151,0.582774204490858,83
"2134",181,0.461578551124594,83
"2135",212,0.424585524251585,83
"2136",243,0.482068873821526,83
"2137",273,0.678755214034067,83
"2138",304,1.08531869850991,83
"2139",334,1.66373705939638,83
"2140",365,2.17549927198719,83
"2141",396,2.14455062016548,83
"2142",424,1.73911788334762,83
"2143",455,1.21424591306167,83
"2144",485,0.825807327790464,83
"2145",516,0.582774204490858,83
"2146",546,0.461578551124594,83
"2147",577,0.424585524251585,83
"2148",608,0.482068873821526,83
"2149",638,0.678755214034067,83
"2150",669,1.08531869850991,83
"2151",699,1.66373705939638,83
"2152",730,2.17549927198719,83
"2153",761,2.14455062016548,83
"2154",790,1.7218485628277,83
"2155",821,1.19884994446341,83
"2156",851,0.815601221522034,83
"2157",882,0.577155725799531,83
"2158",912,0.459066367785581,83
"2159",151,0.596253352773211,84
"2160",181,0.477933371912492,84
"2161",212,0.441989296597414,84
"2162",243,0.499555862338916,84
"2163",273,0.692879034638632,84
"2164",304,1.08436418225438,84
"2165",334,1.62923382789236,84
"2166",365,2.10228109509401,84
"2167",396,2.07096518338754,84
"2168",424,1.69356707484814,84
"2169",455,1.20083521955297,84
"2170",485,0.830985162994825,84
"2171",516,0.596253352773211,84
"2172",546,0.477933371912492,84
"2173",577,0.441989296597414,84
"2174",608,0.499555862338916,84
"2175",638,0.692879034638632,84
"2176",669,1.08436418225438,84
"2177",699,1.62923382789236,84
"2178",730,2.10228109509401,84
"2179",761,2.07096518338754,84
"2180",790,1.67744913333675,84
"2181",821,1.18627527312261,84
"2182",851,0.821187355403709,84
"2183",882,0.59078749798084,84
"2184",912,0.475474003017603,84
"2185",151,0.601117789964289,85
"2186",181,0.478944893167261,85
"2187",212,0.440161830422992,85
"2188",243,0.495365444163126,85
"2189",273,0.686527979250853,85
"2190",304,1.07676156638263,85
"2191",334,1.62432026700961,85
"2192",365,2.10667396325455,85
"2193",396,2.08580998508642,85
"2194",424,1.71199925637458,85
"2195",455,1.21655141060618,85
"2196",485,0.841269048923358,85
"2197",516,0.601117789964289,85
"2198",546,0.478944893167261,85
"2199",577,0.440161830422992,85
"2200",608,0.495365444163126,85
"2201",638,0.686527979250853,85
"2202",669,1.07676156638263,85
"2203",699,1.62432026700961,85
"2204",730,2.10667396325455,85
"2205",761,2.08580998508642,85
"2206",790,1.69588610534713,85
"2207",821,1.20183250899638,85
"2208",851,0.831281979685092,85
"2209",882,0.595500293557821,85
"2210",912,0.476379427516762,85
"2211",151,0.596749596393299,86
"2212",181,0.476450496614526,86
"2213",212,0.439047142698224,86
"2214",243,0.495323004945947,86
"2215",273,0.687506608085998,86
"2216",304,1.07887076419461,86
"2217",334,1.62671983812012,86
"2218",365,2.10656653911584,86
"2219",396,2.08061624726714,86
"2220",424,1.70357211202291,86
"2221",455,1.20787027489615,86
"2222",485,0.83447316128191,86
"2223",516,0.596749596393299,86
"2224",546,0.476450496614526,86
"2225",577,0.439047142698224,86
"2226",608,0.495323004945947,86
"2227",638,0.687506608085998,86
"2228",669,1.07887076419461,86
"2229",699,1.62671983812012,86
"2230",730,2.10656653911584,86
"2231",761,2.08061624726714,86
"2232",790,1.68739730642571,86
"2233",821,1.19319088643447,86
"2234",851,0.824564605660081,86
"2235",882,0.591204201635325,86
"2236",912,0.47393732524338,86
"2237",151,0.596264834830286,87
"2238",181,0.476275561668931,87
"2239",212,0.439118880468827,87
"2240",243,0.495622150642503,87
"2241",273,0.688069608456849,87
"2242",304,1.07975522978626,87
"2243",334,1.6277548258297,87
"2244",365,2.10717120093918,87
"2245",396,2.08024996825761,87
"2246",424,1.70255524762653,87
"2247",455,1.20672934432769,87
"2248",485,0.833602820509052,87
"2249",516,0.596264834830286,87
"2250",546,0.476275561668931,87
"2251",577,0.439118880468827,87
"2252",608,0.495622150642503,87
"2253",638,0.688069608456849,87
"2254",669,1.07975522978626,87
"2255",699,1.6277548258297,87
"2256",730,2.10717120093918,87
"2257",761,2.08024996825761,87
"2258",790,1.6863668189368,87
"2259",821,1.1920545927447,87
"2260",851,0.823706385101328,87
"2261",882,0.590731138711643,87
"2262",912,0.473771296639874,87
"2263",151,0.596045593911965,88
"2264",181,0.47656164482824,88
"2265",212,0.439841095357582,88
"2266",243,0.496811635925361,88
"2267",273,0.689864550992651,88
"2268",304,1.08228458979831,88
"2269",334,1.63061005339806,88
"2270",365,2.10916377481388,88
"2271",396,2.08042626370597,88
"2272",424,1.70155833440497,88
"2273",455,1.20548237080306,88
"2274",485,0.832770297378678,88
"2275",516,0.596045593911965,88
"2276",546,0.47656164482824,88
"2277",577,0.439841095357582,88
"2278",608,0.496811635925361,88
"2279",638,0.689864550992651,88
"2280",669,1.08228458979831,88
"2281",699,1.63061005339806,88
"2282",730,2.10916377481388,88
"2283",761,2.08042626370597,88
"2284",790,1.68534532098184,88
"2285",821,1.19081413950447,88
"2286",851,0.822892916960673,88
"2287",882,0.590530678247233,88
"2288",912,0.474072332965599,88
"2289",151,0.626916389617889,89
"2290",181,0.503239131233893,89
"2291",212,0.462834549380776,89
"2292",243,0.51693549392074,89
"2293",273,0.70543743187617,89
"2294",304,1.08486796283822,89
"2295",334,1.60904756580663,89
"2296",365,2.06728738872275,89
"2297",396,2.05296883006244,89
"2298",424,1.70362089702222,89
"2299",455,1.23117857757876,89
"2300",485,0.865690225343599,89
"2301",516,0.626916389617889,89
"2302",546,0.503239131233893,89
"2303",577,0.462834549380776,89
"2304",608,0.51693549392074,89
"2305",638,0.70543743187617,89
"2306",669,1.08486796283822,89
"2307",699,1.60904756580663,89
"2308",730,2.06728738872275,89
"2309",761,2.05296883006244,89
"2310",790,1.68841330021942,89
"2311",821,1.21698205034379,89
"2312",851,0.855849448684651,89
"2313",882,0.621270690408119,89
"2314",912,0.500614232403746,89
"2315",151,0.622876923964215,90
"2316",181,0.499985562657837,90
"2317",212,0.460193673946526,90
"2318",243,0.514722972543218,90
"2319",273,0.703711312121724,90
"2320",304,1.08428453484081,90
"2321",334,1.61036568263622,90
"2322",365,2.06973656012139,90
"2323",396,2.05330203573534,90
"2324",424,1.70095436844123,90
"2325",455,1.2265674354908,90
"2326",485,0.860919517514428,90
"2327",516,0.622876923964215,90
"2328",546,0.499985562657837,90
"2329",577,0.460193673946526,90
"2330",608,0.514722972543218,90
"2331",638,0.703711312121724,90
"2332",669,1.08428453484081,90
"2333",699,1.61036568263622,90
"2334",730,2.06973656012139,90
"2335",761,2.05330203573534,90
"2336",790,1.68565370344548,90
"2337",821,1.2123415927659,90
"2338",851,0.851093738654994,90
"2339",882,0.617258907493106,90
"2340",912,0.497384026767599,90
"2341",151,0.626107745060816,91
"2342",181,0.502861706236689,91
"2343",212,0.46279930218936,91
"2344",243,0.517201261036662,91
"2345",273,0.706034225269012,91
"2346",304,1.08586664563367,91
"2347",334,1.61025371265269,91
"2348",365,2.06798871760975,91
"2349",396,2.05242954036252,91
"2350",424,1.70218926206125,91
"2351",455,1.22952076051962,91
"2352",485,0.864362213842904,91
"2353",516,0.626107745060816,91
"2354",546,0.502861706236689,91
"2355",577,0.46279930218936,91
"2356",608,0.517201261036662,91
"2357",638,0.706034225269012,91
"2358",669,1.08586664563367,91
"2359",699,1.61025371265269,91
"2360",730,2.06798871760975,91
"2361",761,2.05242954036252,91
"2362",790,1.68696165813573,91
"2363",821,1.21532874110297,91
"2364",851,0.854537272376973,91
"2365",882,0.620478174591364,91
"2366",912,0.500249266477309,91
"2367",151,0.621522975469992,92
"2368",181,0.499527378733564,92
"2369",212,0.46051350310455,92
"2370",243,0.515828230754075,92
"2371",273,0.705835017145127,92
"2372",304,1.08785302087036,92
"2373",334,1.61513510041818,92
"2374",365,2.07392096627271,92
"2375",396,2.05445877051685,92
"2376",424,1.69946851003675,92
"2377",455,1.22391053836621,92
"2378",485,0.858599944730506,92
"2379",516,0.621522975469992,92
"2380",546,0.499527378733564,92
"2381",577,0.46051350310455,92
"2382",608,0.515828230754075,92
"2383",638,0.705835017145127,92
"2384",669,1.08785302087036,92
"2385",699,1.61513510041818,92
"2386",730,2.07392096627271,92
"2387",761,2.05445877051685,92
"2388",790,1.68409885204108,92
"2389",821,1.20967735432446,92
"2390",851,0.84880033291223,92
"2391",882,0.615937203673209,92
"2392",912,0.496952860190335,92
"2393",151,0.625938912542065,93
"2394",181,0.502686852832342,93
"2395",212,0.462659419862941,93
"2396",243,0.517136848810353,93
"2397",273,0.706148627749017,93
"2398",304,1.08640640723835,93
"2399",334,1.61148653004438,93
"2400",365,2.06982482486821,93
"2401",396,2.05404251194937,93
"2402",424,1.70313042809348,93
"2403",455,1.22980069155263,93
"2404",485,0.864304472085797,93
"2405",516,0.625938912542065,93
"2406",546,0.502686852832342,93
"2407",577,0.462659419862941,93
"2408",608,0.517136848810353,93
"2409",638,0.706148627749017,93
"2410",669,1.08640640723835,93
"2411",699,1.61148653004438,93
"2412",730,2.06982482486821,93
"2413",761,2.05404251194937,93
"2414",790,1.68787777812989,93
"2415",821,1.21559251463287,93
"2416",851,0.854472975090935,93
"2417",882,0.620308069910482,93
"2418",912,0.50007504353082,93
"2419",151,0.657032036851961,94
"2420",181,0.531445425051076,94
"2421",212,0.489070219357105,94
"2422",243,0.541851028234869,94
"2423",273,0.727587586675902,94
"2424",304,1.09625118881675,94
"2425",334,1.59759413841623,94
"2426",365,2.03276512314684,94
"2427",396,2.0253179259885,94
"2428",424,1.70020702464852,94
"2429",455,1.25060965719991,94
"2430",485,0.894770064722275,94
"2431",516,0.657032036851961,94
"2432",546,0.531445425051076,94
"2433",577,0.489070219357105,94
"2434",608,0.541851028234869,94
"2435",638,0.727587586675902,94
"2436",669,1.09625118881675,94
"2437",699,1.59759413841623,94
"2438",730,2.03276512314684,94
"2439",761,2.0253179259885,94
"2440",790,1.68589696912789,94
"2441",821,1.23693222621553,94
"2442",851,0.885067687034616,94
"2443",882,0.651344841917958,94
"2444",912,0.528748173594777,94
"2445",151,0.666474527562437,95
"2446",181,0.533371308653129,95
"2447",212,0.48518525297569,95
"2448",243,0.532989955754721,95
"2449",273,0.7138514943408,95
"2450",304,1.07838778047606,95
"2451",334,1.58142332521808,95
"2452",365,2.03003448859708,95
"2453",396,2.0421573678321,95
"2454",424,1.72749358801764,95
"2455",455,1.27738837846464,95
"2456",485,0.913827514936618,95
"2457",516,0.666474527562437,95
"2458",546,0.533371308653129,95
"2459",577,0.48518525297569,95
"2460",608,0.532989955754721,95
"2461",638,0.7138514943408,95
"2462",669,1.07838778047606,95
"2463",699,1.58142332521808,95
"2464",730,2.03003448859708,95
"2465",761,2.0421573678321,95
"2466",790,1.71335300379411,95
"2467",821,1.26353210018568,95
"2468",851,0.90381397644662,95
"2469",882,0.660500866149899,95
"2470",912,0.530460552216398,95
"2471",151,0.65582968754204,96
"2472",181,0.530442078172478,96
"2473",212,0.488173495974596,96
"2474",243,0.540949670170003,96
"2475",273,0.72656734738583,96
"2476",304,1.09504165924362,96
"2477",334,1.59620644977751,96
"2478",365,2.03120255547187,96
"2479",396,2.02355229544792,96
"2480",424,1.69835278339723,96
"2481",455,1.24887154961959,96
"2482",485,0.893289167258759,96
"2483",516,0.65582968754204,96
"2484",546,0.530442078172478,96
"2485",577,0.488173495974596,96
"2486",608,0.540949670170003,96
"2487",638,0.72656734738583,96
"2488",669,1.09504165924362,96
"2489",699,1.59620644977751,96
"2490",730,2.03120255547187,96
"2491",761,2.02355229544792,96
"2492",790,1.68404290451517,96
"2493",821,1.23520114200377,96
"2494",851,0.883596234841202,96
"2495",882,0.650150494645309,96
"2496",912,0.527749889943442,96
"2497",151,0.655821147490307,97
"2498",181,0.528789077124349,97
"2499",212,0.485339409675804,97
"2500",243,0.537148185099988,97
"2501",273,0.722071270236675,97
"2502",304,1.09089785216231,97
"2503",334,1.5949236651723,97
"2504",365,2.03541626391968,97
"2505",396,2.0316220063054,97
"2506",424,1.7063559111051,97
"2507",455,1.25430089474562,97
"2508",485,0.895768718584502,97
"2509",516,0.655821147490307,97
"2510",546,0.528789077124349,97
"2511",577,0.485339409675804,97
"2512",608,0.537148185099988,97
"2513",638,0.722071270236675,97
"2514",669,1.09089785216231,97
"2515",699,1.5949236651723,97
"2516",730,2.03541626391968,97
"2517",761,2.0316220063054,97
"2518",790,1.69199148767641,97
"2519",821,1.24053054201064,97
"2520",851,0.885983854667294,97
"2521",882,0.65007567985833,97
"2522",912,0.526052541106873,97
"2523",151,0.695290553118828,98
"2524",181,0.566700634433966,98
"2525",212,0.521054297805397,98
"2526",243,0.571076047605501,98
"2527",273,0.751892373822965,98
"2528",304,1.10587216067484,98
"2529",334,1.57945526679252,98
"2530",365,1.98894503195456,98
"2531",396,1.9920920148836,98
"2532",424,1.69736830157781,98
"2533",455,1.27609970071897,98
"2534",485,0.932164113259829,98
"2535",516,0.695290553118828,98
"2536",546,0.566700634433966,98
"2537",577,0.521054297805397,98
"2538",608,0.571076047605501,98
"2539",638,0.751892373822965,98
"2540",669,1.10587216067484,98
"2541",699,1.57945526679252,98
"2542",730,1.98894503195456,98
"2543",761,1.9920920148836,98
"2544",790,1.68417188242535,98
"2545",821,1.26306647963171,98
"2546",851,0.922625995288331,98
"2547",882,0.68953342572817,98
"2548",912,0.563889881372567,98
"2549",151,0.697408549744048,99
"2550",181,0.567872420688614,99
"2551",212,0.521444522462401,99
"2552",243,0.570790337838288,99
"2553",273,0.750891169023732,99
"2554",304,1.10398500434078,99
"2555",334,1.5769785594845,99
"2556",365,1.98721043669964,99
"2557",396,1.99278166941967,99
"2558",424,1.70010390171325,99
"2559",455,1.27968176049161,99
"2560",485,0.935307410637054,99
"2561",516,0.697408549744048,99
"2562",546,0.567872420688614,99
"2563",577,0.521444522462401,99
"2564",608,0.570790337838288,99
"2565",638,0.750891169023732,99
"2566",669,1.10398500434078,99
"2567",699,1.5769785594845,99
"2568",730,1.98721043669964,99
"2569",761,1.99278166941967,99
"2570",790,1.68696030497135,99
"2571",821,1.26665036957079,99
"2572",851,0.925741048983579,99
"2573",882,0.691617252288269,99
"2574",912,0.565033482644902,99
"2575",151,0.695967348035267,100
"2576",181,0.566961076426415,100
"2577",212,0.520941907131109,100
"2578",243,0.570596349847364,100
"2579",273,0.750963053329725,100
"2580",304,1.10433434751158,100
"2581",334,1.57742143744406,100
"2582",365,1.98712767625443,100
"2583",396,1.99150170846692,100
"2584",424,1.69792793105137,100
"2585",455,1.27725881697199,100
"2586",485,0.93325025547816,100
"2587",516,0.695967348035267,100
"2588",546,0.566961076426415,100
"2589",577,0.520941907131109,100
"2590",608,0.570596349847364,100
"2591",638,0.750963053329725,100
"2592",669,1.10433434751158,100
"2593",699,1.57742143744406,100
"2594",730,1.98712767625443,100
"2595",761,1.99150170846692,100
"2596",790,1.68476345392447,100
"2597",821,1.26423199629297,100
"2598",851,0.923702132056289,100
"2599",882,0.690195676386308,100
"2600",912,0.564137452511649,100
"2601",151,0.691823261972908,101
"2602",181,0.562862453079452,101
"2603",212,0.517034625434743,101
"2604",243,0.566907054706597,101
"2605",273,0.747840269201947,101
"2606",304,1.10308411175797,101
"2607",334,1.57984666756708,101
"2608",365,1.99328612474155,101
"2609",396,1.99702396138427,101
"2610",424,1.69997181900168,101
"2611",455,1.27560722092661,101
"2612",485,0.929677854811169,101
"2613",516,0.691823261972908,101
"2614",546,0.562862453079452,101
"2615",577,0.517034625434743,101
"2616",608,0.566907054706597,101
"2617",638,0.747840269201947,101
"2618",669,1.10308411175797,101
"2619",699,1.57984666756708,101
"2620",730,1.99328612474155,101
"2621",761,1.99702396138427,101
"2622",790,1.68667099355254,101
"2623",821,1.26248819915445,101
"2624",851,0.920093321753959,101
"2625",882,0.686047195887693,101
"2626",912,0.560044228197032,101
"2627",151,0.693237833937243,102
"2628",181,0.564505382901686,102
"2629",212,0.518696404877565,102
"2630",243,0.568440075414867,102
"2631",273,0.748871638033388,102
"2632",304,1.10261944248017,102
"2633",334,1.57661110661038,102
"2634",365,1.98719357461382,102
"2635",396,1.99107452873632,102
"2636",424,1.6963045490752,102
"2637",455,1.27463147455783,102
"2638",485,0.930345236733461,102
"2639",516,0.693237833937243,102
"2640",546,0.564505382901686,102
"2641",577,0.518696404877565,102
"2642",608,0.568440075414867,102
"2643",638,0.748871638033388,102
"2644",669,1.10261944248017,102
"2645",699,1.57661110661038,102
"2646",730,1.98719357461382,102
"2647",761,1.99107452873632,102
"2648",790,1.68309794887867,102
"2649",821,1.26158468343918,102
"2650",851,0.92079762537757,102
"2651",882,0.687475080203225,102
"2652",912,0.561690220215118,102
"2653",151,0.73978940620875,103
"2654",181,0.60855368566036,103
"2655",212,0.559457855019451,103
"2656",243,0.606241291154927,103
"2657",273,0.781144272187815,103
"2658",304,1.11841532987204,103
"2659",334,1.56142099251447,103
"2660",365,1.94254892196488,103
"2661",396,1.95560517047815,103
"2662",424,1.69299823199026,103
"2663",455,1.30347419163021,103
"2664",485,0.974306166955244,103
"2665",516,0.73978940620875,103
"2666",546,0.60855368566036,103
"2667",577,0.559457855019451,103
"2668",608,0.606241291154927,103
"2669",638,0.781144272187815,103
"2670",669,1.11841532987204,103
"2671",699,1.56142099251447,103
"2672",730,1.94254892196488,103
"2673",761,1.95560517047815,103
"2674",790,1.68101142362732,103
"2675",821,1.29119730579874,103
"2676",851,0.965004454632033,103
"2677",882,0.733988011289997,103
"2678",912,0.605629913064237,103
"2679",151,0.743171019634594,104
"2680",181,0.610306802473335,104
"2681",212,0.559963974986227,104
"2682",243,0.60581781460689,104
"2683",273,0.780026297643624,104
"2684",304,1.11690159979303,104
"2685",334,1.56047876194836,104
"2686",365,1.94396892329325,104
"2687",396,1.96037663298744,104
"2688",424,1.69970599455128,104
"2689",455,1.31023848270039,104
"2690",485,0.979652961405248,104
"2691",516,0.743171019634594,104
"2692",546,0.610306802473335,104
"2693",577,0.559963974986227,104
"2694",608,0.60581781460689,104
"2695",638,0.780026297643624,104
"2696",669,1.11690159979303,104
"2697",699,1.56047876194836,104
"2698",730,1.94396892329325,104
"2699",761,1.96037663298744,104
"2700",790,1.68775474342409,104
"2701",821,1.29793210098843,104
"2702",851,0.970290353886439,104
"2703",882,0.737308737618666,104
"2704",912,0.607336267729162,104
"2705",151,0.741151279978532,105
"2706",181,0.607496289150873,105
"2707",212,0.556576690789602,105
"2708",243,0.601917536978182,105
"2709",273,0.775756912305,105
"2710",304,1.11294897448235,105
"2711",334,1.55830703247917,105
"2712",365,1.94483612139465,105
"2713",396,1.96302773510627,105
"2714",424,1.70201960070949,105
"2715",455,1.31102019869539,105
"2716",485,0.978873522406577,105
"2717",516,0.741151279978532,105
"2718",546,0.607496289150873,105
"2719",577,0.556576690789602,105
"2720",608,0.601917536978182,105
"2721",638,0.775756912305,105
"2722",669,1.11294897448235,105
"2723",699,1.55830703247917,105
"2724",730,1.94483612139465,105
"2725",761,1.96302773510627,105
"2726",790,1.69003079453311,105
"2727",821,1.29865874859753,105
"2728",851,0.969464021245904,105
"2729",882,0.73525675399855,105
"2730",912,0.604504536590756,105
"2731",151,0.744719457418234,106
"2732",181,0.610698725047983,106
"2733",212,0.559394013781483,106
"2734",243,0.604400984989397,106
"2735",273,0.777760947447207,106
"2736",304,1.11380102399332,106
"2737",334,1.55721374121946,106
"2738",365,1.942137277738,106
"2739",396,1.9613215285795,106
"2740",424,1.7026356412658,106
"2741",455,1.31377443990331,106
"2742",485,0.982489345577593,106
"2743",516,0.744719457418234,106
"2744",546,0.610698725047983,106
"2745",577,0.559394013781483,106
"2746",608,0.604400984989397,106
"2747",638,0.777760947447207,106
"2748",669,1.11380102399332,106
"2749",699,1.55721374121946,106
"2750",730,1.942137277738,106
"2751",761,1.9613215285795,106
"2752",790,1.69073106843283,106
"2753",821,1.30146128584921,106
"2754",851,0.973089736955161,106
"2755",882,0.738815200857856,106
"2756",912,0.607693761693291,106
"2757",151,0.691926037884615,107
"2758",181,0.568672369318142,107
"2759",212,0.527125234540646,107
"2760",243,0.580571443018483,107
"2761",273,0.764232484598203,107
"2762",304,1.11914232126368,107
"2763",334,1.58804220875753,107
"2764",365,1.98517846720537,107
"2765",396,1.97589741370817,107
"2766",424,1.67706444643675,107
"2767",455,1.25898319726558,107
"2768",485,0.921706756767203,107
"2769",516,0.691926037884615,107
"2770",546,0.568672369318142,107
"2771",577,0.527125234540646,107
"2772",608,0.580571443018483,107
"2773",638,0.764232484598203,107
"2774",669,1.11914232126368,107
"2775",699,1.58804220875753,107
"2776",730,1.98517846720537,107
"2777",761,1.97589741370817,107
"2778",790,1.66386277452616,107
"2779",821,1.24613925544426,107
"2780",851,0.91240844577867,107
"2781",882,0.68637408965237,107
"2782",912,0.566012362226237,107
"2783",151,0.690848417898686,108
"2784",181,0.567989914557027,108
"2785",212,0.526667889398199,108
"2786",243,0.580173161998865,108
"2787",273,0.76367292697009,108
"2788",304,1.11807090249318,108
"2789",334,1.58603533872857,108
"2790",365,1.98203232022666,108
"2791",396,1.9722758864795,108
"2792",424,1.67377079626104,108
"2793",455,1.25648675836628,108
"2794",485,0.919999795649,108
"2795",516,0.690848417898686,108
"2796",546,0.567989914557027,108
"2797",577,0.526667889398199,108
"2798",608,0.580173161998865,108
"2799",638,0.76367292697009,108
"2800",669,1.11807090249318,108
"2801",699,1.58603533872857,108
"2802",730,1.98203232022666,108
"2803",761,1.9722758864795,108
"2804",790,1.66059038580267,108
"2805",821,1.2436706118093,108
"2806",851,0.910725243538079,108
"2807",882,0.685312913435983,108
"2808",912,0.565339837876729,108
"2809",151,0.690920786959308,109
"2810",181,0.568069195445316,109
"2811",212,0.526642668607314,109
"2812",243,0.579920895511004,109
"2813",273,0.762944671738146,109
"2814",304,1.1163861999892,109
"2815",334,1.58300459512759,109
"2816",365,1.97799150080423,109
"2817",396,1.96877943929313,109
"2818",424,1.67159559236539,109
"2819",455,1.25562087159395,109
"2820",485,0.919832573358594,109
"2821",516,0.690920786959308,109
"2822",546,0.568069195445316,109
"2823",577,0.526642668607314,109
"2824",608,0.579920895511004,109
"2825",638,0.762944671738146,109
"2826",669,1.1163861999892,109
"2827",699,1.58300459512759,109
"2828",730,1.97799150080423,109
"2829",761,1.96877943929313,109
"2830",790,1.65846416019919,109
"2831",821,1.24283743965314,109
"2832",851,0.910571993421277,109
"2833",882,0.685388032632233,109
"2834",912,0.565417252121424,109
"2835",151,0.688145921026518,110
"2836",181,0.566204420287947,110
"2837",212,0.525641691849669,110
"2838",243,0.579782646847519,110
"2839",273,0.76394265425046,110
"2840",304,1.11922453294571,110
"2841",334,1.58792489179987,110
"2842",365,1.98343924527764,110
"2843",396,1.97136570736125,110
"2844",424,1.67074492175273,110
"2845",455,1.25248329334122,110
"2846",485,0.916335200621081,110
"2847",516,0.688145921026518,110
"2848",546,0.566204420287947,110
"2849",577,0.525641691849669,110
"2850",608,0.579782646847519,110
"2851",638,0.76394265425046,110
"2852",669,1.11922453294571,110
"2853",699,1.58792489179987,110
"2854",730,1.98343924527764,110
"2855",761,1.97136570736125,110
"2856",790,1.65750766965658,110
"2857",821,1.23966135533215,110
"2858",851,0.90708623369678,110
"2859",882,0.682643203403122,110
"2860",912,0.563581842201034,110
"2861",151,0.693733421188078,111
"2862",181,0.569888741245735,111
"2863",212,0.527770741504134,111
"2864",243,0.580636363054204,111
"2865",273,0.763517091023107,111
"2866",304,1.11714563444688,111
"2867",334,1.58456941149798,111
"2868",365,1.98126415181907,111
"2869",396,1.9738838049593,111
"2870",424,1.67740440492725,111
"2871",455,1.26093457892076,111
"2872",485,0.923960509470867,111
"2873",516,0.693733421188078,111
"2874",546,0.569888741245735,111
"2875",577,0.527770741504134,111
"2876",608,0.580636363054204,111
"2877",638,0.763517091023107,111
"2878",669,1.11714563444688,111
"2879",699,1.58456941149798,111
"2880",730,1.98126415181907,111
"2881",761,1.9738838049593,111
"2882",790,1.66427609107945,111
"2883",821,1.24811885208483,111
"2884",851,0.914656022192616,111
"2885",882,0.688162206756057,111
"2886",912,0.567209472281561,111
