"","time","sim_data_median","sim_data_low_Q","sim_data_high_Q","combo_num"
"1",151,4639.5,920.925,11257.425,1
"2",181,2001,664.7,5482.075,1
"3",212,785.5,210.125,2330.45,1
"4",243,304,63,770.399999999999,1
"5",273,164,35.325,425.85,1
"6",304,134.5,42.95,429.825,1
"7",334,219.5,34.85,504.775,1
"8",365,613.5,210.45,1546.875,1
"9",396,2875,760.925,7276.275,1
"10",424,6108.5,1945,19293.4,1
"11",455,9926,3542.775,30038.725,1
"12",485,8141.5,2470.575,18442.925,1
"13",516,3304.5,749.625,8588.69999999999,1
"14",546,960.5,236.9,2576.55,1
"15",577,302.5,78.275,938.024999999999,1
"16",608,98.5,21.425,238.45,1
"17",638,31.5,7.475,84.1499999999999,1
"18",669,19.5,4,56.625,1
"19",699,16,3,69.1,1
"20",730,24.5,4.95,76.1,1
"21",761,39,4,171.1,1
"22",790,55,5.475,194.65,1
"23",821,55,6.475,358.324999999999,1
"24",851,32,2,251.325,1
"25",882,13.5,0,82.5499999999998,1
"26",912,4,0,28.525,1
"27",151,4965.5,970.45,12818.7,2
"28",181,2160,740.175,6501.99999999999,2
"29",212,852,270.275,2412.1,2
"30",243,373.5,77.8,888.925,2
"31",273,174.5,37.95,374.8,2
"32",304,135,41.325,359.475,2
"33",334,214,36.65,619.725,2
"34",365,587,147.925,1673.95,2
"35",396,2635,616.275,7571.075,2
"36",424,6403,1863.725,16495.6,2
"37",455,10701.5,2089.025,29716.125,2
"38",485,7142.5,1815.125,19255.175,2
"39",516,3105.5,936.375,6386.875,2
"40",546,933.5,194.6,1969.575,2
"41",577,270,71.5,737.125,2
"42",608,70,20.325,187,2
"43",638,29,7.475,105.05,2
"44",669,16.5,3.475,48.525,2
"45",699,13,3.475,47.6749999999999,2
"46",730,23,3,63.05,2
"47",761,35.5,4,226.1,2
"48",790,64,6.9,350.1,2
"49",821,46.5,4,594.725,2
"50",851,32,2.475,332.124999999998,2
"51",882,12,0,200.45,2
"52",912,3,0,49.1249999999998,2
"53",151,5752.5,960.025,11921.175,3
"54",181,2072.5,392.675,5484.525,3
"55",212,843.5,220.175,2367.525,3
"56",243,314.5,74.375,880.049999999999,3
"57",273,181,37.375,418.375,3
"58",304,123,33.375,357.025,3
"59",334,203.5,44.9,634.849999999999,3
"60",365,594,153.925,2056.05,3
"61",396,2480.5,669.9,9793.22499999999,3
"62",424,6409,1476,21740.9,3
"63",455,9569,2671.225,34688.575,3
"64",485,7575.5,1401.475,21184.275,3
"65",516,2674,593.725,6760.2,3
"66",546,927.5,154.3,2359.125,3
"67",577,290,104.225,571.2,3
"68",608,81.5,23.375,195.525,3
"69",638,28,8.475,100.35,3
"70",669,19,3.475,60.8749999999999,3
"71",699,14,1.95,61.575,3
"72",730,21.5,3,87.05,3
"73",761,40,5.95,186.975,3
"74",790,61,3,363.2,3
"75",821,55.5,4.475,551.899999999999,3
"76",851,25,1,250.1,3
"77",882,13.5,0.475,185.775,3
"78",912,4.5,0,54.1749999999998,3
"79",151,4759.5,1290.7,13754.575,4
"80",181,2164,369.575,4707.025,4
"81",212,881,191.6,2103.875,4
"82",243,321,101.175,952.15,4
"83",273,165.5,52.475,409.875,4
"84",304,133.5,36.85,354.675,4
"85",334,225.5,60.475,621.625,4
"86",365,610.5,137.475,1766.325,4
"87",396,2335,569.9,7034.59999999999,4
"88",424,7229.5,1489.05,16566.55,4
"89",455,10404.5,2195.725,31840.2499999999,4
"90",485,6945,1897.825,17846.675,4
"91",516,3381,1009.25,7742.2,4
"92",546,876.5,327.125,2820.8,4
"93",577,298,73.325,704.575,4
"94",608,82,21.9,206.2,4
"95",638,32,8.475,90.625,4
"96",669,16,3.475,61.575,4
"97",699,15,1,61.1,4
"98",730,24.5,4.95,85.525,4
"99",761,44.5,7,224.949999999999,4
"100",790,70,10.475,431.875,4
"101",821,88.5,8,824.624999999999,4
"102",851,47.5,2.95,256.5,4
"103",882,18,1,215.924999999999,4
"104",912,6,0,58.4999999999998,4
"105",151,4943,1068.1,12580.625,5
"106",181,1870.5,418.65,6118.77499999999,5
"107",212,847.5,119.175,2001.975,5
"108",243,320.5,94.75,872.525,5
"109",273,169,43.475,467.2,5
"110",304,154.5,30.475,385.675,5
"111",334,185.5,48.7,487.175,5
"112",365,703,136.8,1632.025,5
"113",396,2650.5,735,7015.775,5
"114",424,7227.5,1718.95,19563.25,5
"115",455,10642,2555.1,33894.65,5
"116",485,6357,2319.6,15238.5,5
"117",516,2962.5,618.35,7683.425,5
"118",546,787.5,285.825,2206.275,5
"119",577,279.5,92,627.625,5
"120",608,71.5,12.425,186.825,5
"121",638,29,5.475,89.525,5
"122",669,15,5,42,5
"123",699,15,3,46.1499999999999,5
"124",730,24,4,87.525,5
"125",761,33,8.475,174.875,5
"126",790,63.5,7.9,251.675,5
"127",821,47.5,4,243.2,5
"128",851,37,5,170.325,5
"129",882,13,1,86.0749999999998,5
"130",912,4,0,26,5
"131",151,5065.5,994.125,14076.225,6
"132",181,2382.5,622.325,5821.275,6
"133",212,899.5,262.15,2299.175,6
"134",243,329.5,99.475,786.225,6
"135",273,150.5,42.475,466.6,6
"136",304,150,26.425,363.45,6
"137",334,210.5,68.325,639.7,6
"138",365,587,146.075,1505.85,6
"139",396,2638.5,431.45,8438.12499999999,6
"140",424,6963,1988.375,17544.6,6
"141",455,11269.5,2976.8,31149.3,6
"142",485,7349.5,1096.575,17044.8,6
"143",516,2896.5,1097.35,8400.87499999999,6
"144",546,904,258.275,1856.8,6
"145",577,260.5,53.95,716.5,6
"146",608,85.5,19.9,205.3,6
"147",638,26,6.95,65.05,6
"148",669,17,3,53.625,6
"149",699,14.5,2.475,39.05,6
"150",730,21.5,4.475,81.8749999999999,6
"151",761,37,3.475,123.05,6
"152",790,60.5,5.95,211.1,6
"153",821,57.5,7.475,312.25,6
"154",851,35,4,176.775,6
"155",882,15,0.475,56.575,6
"156",912,4,0,19,6
"157",151,5423,1633.375,14153.7,7
"158",181,2244.5,607.725,6110.94999999999,7
"159",212,802.5,178.375,1849,7
"160",243,357.5,78.325,805.25,7
"161",273,166.5,36.275,411.525,7
"162",304,136.5,41.95,387.05,7
"163",334,198,47.9,494.249999999999,7
"164",365,681,171.425,1968.3,7
"165",396,2665,810.325,7461.89999999999,7
"166",424,8376.5,1892.325,20399.75,7
"167",455,11488.5,2461.65,33235.8,7
"168",485,7301,1980.7,20538.1,7
"169",516,3034,781.8,7788.225,7
"170",546,767.5,166.7,2128.425,7
"171",577,260.5,56.475,647.9,7
"172",608,82.5,20,221.3,7
"173",638,27.5,7.95,70.575,7
"174",669,17,3.475,46.05,7
"175",699,14.5,3,40.05,7
"176",730,20,5,62.05,7
"177",761,30,7,129.1,7
"178",790,55.5,8.475,212.675,7
"179",821,48,9.475,270.174999999999,7
"180",851,28.5,2,119.775,7
"181",882,10.5,1,58.1499999999999,7
"182",912,3,0,20.575,7
"183",151,4987,1337.275,14201.675,8
"184",181,2016.5,543,5774.525,8
"185",212,769.5,159.35,1894.1,8
"186",243,319,58.9,818.349999999999,8
"187",273,158,51.6,413.475,8
"188",304,145.5,27.425,323.925,8
"189",334,219.5,69.425,508.525,8
"190",365,685,185.2,1550.05,8
"191",396,2633,1045.525,6266.5,8
"192",424,6719,1959.725,21519.8,8
"193",455,10077.5,2913.05,24024,8
"194",485,7127,1840.45,21795.95,8
"195",516,2931,811.325,6692.3,8
"196",546,957,215.275,2558.025,8
"197",577,298.5,69.95,836.425,8
"198",608,81,18.475,205.025,8
"199",638,32,7,93.1,8
"200",669,17,3.95,52.8249999999999,8
"201",699,17,4,47,8
"202",730,22,5,91.1749999999998,8
"203",761,45.5,5.475,201.125,8
"204",790,63,6,254.75,8
"205",821,60,6.95,313.275,8
"206",851,39.5,4.475,174.625,8
"207",882,15.5,1,113.15,8
"208",912,4,0,27.575,8
"209",151,6430.5,2164.5,15226.65,9
"210",181,2936,800.65,7208.175,9
"211",212,1138.5,337.15,3380.525,9
"212",243,386.5,86.9,1077.35,9
"213",273,179,47.275,452.6,9
"214",304,147.5,42.425,477.424999999999,9
"215",334,180,37.75,747.05,9
"216",365,518,82.95,2087.6,9
"217",396,2997.5,569.25,8466.7,9
"218",424,4976,958.275,39031.0499999999,9
"219",455,10021.5,1708,43238.7,9
"220",485,6659.5,1146.475,21808.3,9
"221",516,2938,600,9697.775,9
"222",546,850,187.5,2872.6,9
"223",577,229.5,53.95,795.224999999999,9
"224",608,63,17.475,208.15,9
"225",638,24,4.475,76.575,9
"226",669,14,2,67.1499999999999,9
"227",699,14,1,55,9
"228",730,20,0.475,114.25,9
"229",761,42.5,0,273.4,9
"230",790,81.5,0.475,1580.075,9
"231",821,91.5,0,3227.32499999999,9
"232",851,59,0,2120.35,9
"233",882,18.5,0,944.124999999999,9
"234",912,6,0,442.924999999998,9
"235",151,6541.5,1693.425,15714.825,10
"236",181,2606.5,778.575,6231.45,10
"237",212,928,186.025,2912.875,10
"238",243,329,89.475,940.7,10
"239",273,161.5,52.775,434.525,10
"240",304,129.5,31.9,373.875,10
"241",334,176.5,40.9,492.775,10
"242",365,605,122.375,1822.55,10
"243",396,2282,470.45,7734.225,10
"244",424,7043,1399.55,21616.925,10
"245",455,10776,3747.325,36210.2,10
"246",485,5966.5,1827.35,16742.925,10
"247",516,2691,953.725,9465.22499999999,10
"248",546,882,320.3,2243.125,10
"249",577,256.5,67.75,650.7,10
"250",608,71,22.475,191.15,10
"251",638,27.5,4.475,65.1499999999999,10
"252",669,15,2,62.625,10
"253",699,17.5,3,45.525,10
"254",730,21.5,1,77.3999999999999,10
"255",761,46.5,7.475,212.874999999999,10
"256",790,60,8,521.224999999999,10
"257",821,85,4,683.549999999998,10
"258",851,32.5,1.475,295.375,10
"259",882,14,0,277.625,10
"260",912,5,0,55.1749999999998,10
"261",151,5482,1583.75,15315.1,11
"262",181,2581.5,582.925,5863.925,11
"263",212,967.5,388.25,2507.875,11
"264",243,383.5,83.85,995.799999999999,11
"265",273,166.5,44.225,368.825,11
"266",304,132,39.85,479.175,11
"267",334,223,42.275,572.299999999999,11
"268",365,669,151.7,1572.275,11
"269",396,2288.5,909.425,7337.125,11
"270",424,6755,1838.2,15908.7,11
"271",455,10482.5,2198.35,36633.575,11
"272",485,7010,1400.925,16787.025,11
"273",516,2951,502.425,6358.05,11
"274",546,837,290.25,2289.85,11
"275",577,263,78.425,582.949999999999,11
"276",608,79.5,18.95,235,11
"277",638,27,8,80.625,11
"278",669,15.5,2.475,50.1,11
"279",699,14.5,2.475,54.7749999999999,11
"280",730,23,2.475,71.525,11
"281",761,43,6,205.2,11
"282",790,61.5,5.475,350.775,11
"283",821,64.5,2.475,436.4,11
"284",851,36.5,2.475,364.15,11
"285",882,14.5,0,189.15,11
"286",912,4,0,35,11
"287",151,6400,1507.325,17656.675,12
"288",181,2815.5,551.05,6854.64999999999,12
"289",212,926,306.9,2248.875,12
"290",243,312.5,73.425,760.5,12
"291",273,140,27,509.675,12
"292",304,116.5,28,346.25,12
"293",334,181,58.425,542.15,12
"294",365,522,149.85,1385.475,12
"295",396,3141,605.65,9139.775,12
"296",424,7529,2108.95,23463.2,12
"297",455,13309,3459.6,40562.4999999999,12
"298",485,7788.5,1362.85,21954.575,12
"299",516,3268.5,881.25,8968.14999999999,12
"300",546,842.5,298.175,2106.2,12
"301",577,229,57.45,603.575,12
"302",608,77,21.475,180.575,12
"303",638,27,5,67.575,12
"304",669,17,4,54.575,12
"305",699,16,2,46.525,12
"306",730,29,6,105.1,12
"307",761,72.5,9.9,318.625,12
"308",790,114,14,594.624999999999,12
"309",821,166.5,13.475,988.424999999999,12
"310",851,91.5,6.475,969.299999999997,12
"311",882,28,1,376.149999999999,12
"312",912,8,0,104.675,12
"313",151,5343,1363.55,14948.625,13
"314",181,2449,587.025,7168.275,13
"315",212,1109,387.425,2228.075,13
"316",243,369.5,86.325,959.5,13
"317",273,165,47.85,447.2,13
"318",304,133.5,36,476.675,13
"319",334,233.5,46.325,575.9,13
"320",365,627,139.15,1815.375,13
"321",396,2511.5,846.55,6883.25,13
"322",424,6070.5,1484.475,19558.7,13
"323",455,11020.5,2359.725,30348.975,13
"324",485,6905,1438.5,17654.675,13
"325",516,2973.5,504.95,7585.12499999999,13
"326",546,821.5,295.1,2214.675,13
"327",577,275,74.225,612.775,13
"328",608,74.5,19,232.55,13
"329",638,26,7.475,79.2499999999999,13
"330",669,16,2.475,48.625,13
"331",699,15,1,37.05,13
"332",730,22,1,67.7249999999999,13
"333",761,38,4.475,189.175,13
"334",790,59,7,304.775,13
"335",821,59,8.475,395.1,13
"336",851,33.5,6,379.025,13
"337",882,13.5,0.475,112.9,13
"338",912,4,0,39.1,13
"339",151,6378.5,2174.65,14819.05,14
"340",181,2341.5,668.95,6480.47499999999,14
"341",212,861.5,175.875,2060.425,14
"342",243,364.5,58.9,890.825,14
"343",273,181,35.425,444.475,14
"344",304,138.5,35.9,394.075,14
"345",334,210.5,52.475,501.2,14
"346",365,676,150.175,2320.8,14
"347",396,2992,890.125,7376.625,14
"348",424,7824,1600.325,29709.425,14
"349",455,11284,2152.85,29667.775,14
"350",485,6808.5,1877.3,21625.45,14
"351",516,2903,806.85,7669.525,14
"352",546,760,202.95,2192.45,14
"353",577,274.5,34.5,658.375,14
"354",608,73.5,11,212.975,14
"355",638,27,6.425,74.575,14
"356",669,15.5,3.475,48.525,14
"357",699,14,3,49.05,14
"358",730,20.5,4.475,69.575,14
"359",761,33.5,6.475,154.15,14
"360",790,53,5,294.775,14
"361",821,52,5.95,320.125,14
"362",851,34.5,2.95,243.624999999999,14
"363",882,12.5,0.475,108.575,14
"364",912,3.5,0,35.525,14
"365",151,5801,1203.15,14369.675,15
"366",181,2752.5,854.225,6578.05,15
"367",212,927,266.85,2126.625,15
"368",243,372.5,83.6,955.875,15
"369",273,157.5,38.475,404.1,15
"370",304,129.5,34.375,321.25,15
"371",334,202.5,48.95,631.5,15
"372",365,600.5,170.85,1859.2,15
"373",396,2535.5,587.025,8917.84999999999,15
"374",424,6380,2002.375,16751.15,15
"375",455,10928,2388.75,32548.625,15
"376",485,6456.5,2142.2,21348.525,15
"377",516,3208,653.65,7741.95,15
"378",546,849,157.325,2149.55,15
"379",577,305,84.375,763.299999999999,15
"380",608,73,22.8,189.075,15
"381",638,28.5,8,100.25,15
"382",669,17,2.475,47.525,15
"383",699,14,2.475,43.05,15
"384",730,23.5,2.475,82.05,15
"385",761,46,6,227.05,15
"386",790,68.5,9.475,426.075,15
"387",821,69,5.475,467.875,15
"388",851,51,2.475,275.4,15
"389",882,21,0,129.35,15
"390",912,6,0,39.1499999999999,15
"391",151,5957,1469.075,14385,16
"392",181,2812,544,6617.95,16
"393",212,870.5,336.175,2300,16
"394",243,377,98.225,791.875,16
"395",273,169.5,34,521.799999999999,16
"396",304,139.5,36.9,383.075,16
"397",334,203,66.375,561.1,16
"398",365,580,164.1,1390.125,16
"399",396,2817.5,545.35,7072.175,16
"400",424,5934.5,1397.55,17892.1,16
"401",455,11703.5,2351,30400.0999999999,16
"402",485,6731.5,2797.4,20126.675,16
"403",516,3350.5,935.575,6982.8,16
"404",546,831,238.95,1832.125,16
"405",577,275,49.825,743.549999999999,16
"406",608,80,24.475,173.575,16
"407",638,25.5,8,84.525,16
"408",669,15.5,2,41.575,16
"409",699,15,3,44.525,16
"410",730,21,5.475,75.6749999999999,16
"411",761,40,9.95,159.05,16
"412",790,62,14.95,268.575,16
"413",821,66,12.475,302.075,16
"414",851,36,6.475,146.05,16
"415",882,15,1,103.725,16
"416",912,4,0,22.05,16
"417",151,5505,1030.975,14372.375,17
"418",181,2241,629.925,5781.875,17
"419",212,941.5,266.3,2533.275,17
"420",243,381,77.95,829.524999999999,17
"421",273,174.5,52.125,434.425,17
"422",304,145.5,38,318.825,17
"423",334,228,52.9,697.95,17
"424",365,582,169.375,1626.675,17
"425",396,2719.5,594.575,8020.25,17
"426",424,6366,1872.625,21904.225,17
"427",455,10560,2299.6,26719.85,17
"428",485,6916,1697.425,20906.325,17
"429",516,2890,766.025,5460.59999999999,17
"430",546,903,152.175,2029.95,17
"431",577,248.5,85.325,669.825,17
"432",608,72.5,20.95,171.075,17
"433",638,29,8,98.2999999999999,17
"434",669,15.5,1.475,45.525,17
"435",699,14,2,39,17
"436",730,23.5,4.95,69.1499999999999,17
"437",761,37,9,161.825,17
"438",790,60.5,7.475,242.4,17
"439",821,58,9.95,241.2,17
"440",851,37,5.475,163.675,17
"441",882,15.5,1.475,51.525,17
"442",912,4,0,20,17
"443",151,5236,1305.65,14661.45,18
"444",181,2137,420.875,6836.125,18
"445",212,977,246.425,2616.525,18
"446",243,311,68.375,789.6,18
"447",273,180,42.9,461.225,18
"448",304,148,28.8,359.5,18
"449",334,207,59.075,578.4,18
"450",365,673.5,187.225,1590.3,18
"451",396,3211,733.85,7968.14999999999,18
"452",424,7459.5,2802.325,18156.7,18
"453",455,12000.5,2802.975,27603.15,18
"454",485,6745,1781.4,20958.75,18
"455",516,3029.5,661.25,8243.15,18
"456",546,798.5,230.325,2429.4,18
"457",577,247,49.95,601.75,18
"458",608,79,12.425,188.05,18
"459",638,29,6,74,18
"460",669,16,3.475,41.1,18
"461",699,14,2,36.525,18
"462",730,19,3,75.1,18
"463",761,38,10.475,111.8,18
"464",790,55.5,9.475,236.15,18
"465",821,67,6,337.7,18
"466",851,31,3,167.825,18
"467",882,11.5,0.475,72.8249999999999,18
"468",912,4,0,31,18
"469",151,6049.5,1252.175,17646.45,19
"470",181,2451.5,610.125,7131.875,19
"471",212,926.5,255.95,2373.025,19
"472",243,320,75.9,856.599999999999,19
"473",273,159.5,27.85,403.274999999999,19
"474",304,129,24.075,341.5,19
"475",334,220,43.175,479.7,19
"476",365,578.5,228.725,1675.275,19
"477",396,2822.5,823.35,6344.45,19
"478",424,6826.5,2199.875,16854.75,19
"479",455,9197,3079.95,27726.75,19
"480",485,7205.5,1989.275,15735.95,19
"481",516,2755.5,707.95,7023.87499999999,19
"482",546,932.5,220.2,1943.375,19
"483",577,256,69.95,764.475,19
"484",608,82.5,21.95,235.25,19
"485",638,26,7.475,66.8249999999999,19
"486",669,18,5,56.05,19
"487",699,15.5,2,47.625,19
"488",730,24,6.475,69.525,19
"489",761,44,7,168.025,19
"490",790,66,8.475,237.75,19
"491",821,64.5,10,276.75,19
"492",851,37,4.475,190.575,19
"493",882,17,1.475,74.4499999999998,19
"494",912,5,0,28.525,19
"495",151,6304.5,1883.2,16013.125,20
"496",181,2605,625.15,6157.675,20
"497",212,969.5,239.95,2060.55,20
"498",243,355,116.225,879.05,20
"499",273,167.5,37.95,516.024999999999,20
"500",304,131,38.475,426.125,20
"501",334,224,51.75,569.5,20
"502",365,610.5,198.075,1778.5,20
"503",396,2478,542.65,6370.475,20
"504",424,7268,1886.55,18231.25,20
"505",455,10866,2630.95,28660.125,20
"506",485,7282.5,1475.15,17547.7,20
"507",516,2829,1052.65,7324.45,20
"508",546,796,278.475,1722.65,20
"509",577,251.5,69.65,561.175,20
"510",608,78,16.425,215.25,20
"511",638,24.5,6.475,66.525,20
"512",669,15,1.95,56.525,20
"513",699,15,1,37.525,20
"514",730,21,5.475,80.2499999999999,20
"515",761,40,4.475,156.575,20
"516",790,65.5,6.9,229.4,20
"517",821,57.5,9,262.05,20
"518",851,36,3.475,150.525,20
"519",882,13.5,1,74.525,20
"520",912,5,0,21.525,20
"521",151,6651.5,1470.575,17286.075,21
"522",181,2608,591.2,6663.42499999999,21
"523",212,870,253.425,2581.15,21
"524",243,324.5,81.225,1003.775,21
"525",273,147,24.475,387,21
"526",304,129,31.9,399.1,21
"527",334,196,57.025,459.25,21
"528",365,616.5,99.425,1349.1,21
"529",396,2508.5,961.8,7461.075,21
"530",424,6564,2092.825,17833.9,21
"531",455,10070,3188.325,27334.725,21
"532",485,6695.5,1648.25,19674.525,21
"533",516,2721.5,814.2,6736.37499999999,21
"534",546,828,173.7,2619.02499999999,21
"535",577,225,64.275,570.775,21
"536",608,69.5,16,188.15,21
"537",638,27,8.475,75,21
"538",669,15,1,47.575,21
"539",699,15.5,0.95,40.525,21
"540",730,25.5,6,87.7749999999999,21
"541",761,52.5,7.475,261.575,21
"542",790,75,15,490.025,21
"543",821,79.5,6.425,491.524999999999,21
"544",851,51,3,372.724999999999,21
"545",882,19,1,160.1,21
"546",912,5,0,44.1999999999999,21
"547",151,6928,1614.3,16372.675,22
"548",181,2708.5,662,6533.325,22
"549",212,956.5,211.825,3088.725,22
"550",243,363,84.7,839.799999999999,22
"551",273,174.5,47.225,484.525,22
"552",304,123,28.95,324.2,22
"553",334,194,35.9,498.725,22
"554",365,617,121.15,1832.5,22
"555",396,2409.5,576.475,6433.32499999999,22
"556",424,6932,1424.375,20284.05,22
"557",455,10476.5,3181.375,30302.8,22
"558",485,6565.5,1761.35,16082.85,22
"559",516,2518.5,660.8,7334.55,22
"560",546,852.5,279.2,2293.35,22
"561",577,254,66.425,573.15,22
"562",608,73.5,13,196.925,22
"563",638,27,6,71,22
"564",669,14,3,65.1999999999999,22
"565",699,15.5,2,48.05,22
"566",730,21,2,87.1499999999999,22
"567",761,46,6.475,234.5,22
"568",790,75.5,10.475,390.775,22
"569",821,88,5.425,394.699999999999,22
"570",851,48,1.95,327.374999999999,22
"571",882,16.5,0,122.275,22
"572",912,5.5,0,37.1499999999999,22
"573",151,7091.5,2414.575,17125.45,23
"574",181,2808.5,737.725,6728.72499999999,23
"575",212,1016.5,297.525,2728.675,23
"576",243,346.5,87.95,1033.725,23
"577",273,168.5,39.475,525.8,23
"578",304,143.5,34,376.5,23
"579",334,200.5,45.325,561.2,23
"580",365,546,96.95,1625,23
"581",396,2671.5,648.925,7934.575,23
"582",424,5980.5,1437.45,18816.325,23
"583",455,10797.5,2241.725,26701.85,23
"584",485,6265,2246.725,19836.6,23
"585",516,2680,851.325,6042.35,23
"586",546,820,170.975,1754.1,23
"587",577,217,62.375,717.875,23
"588",608,71,19.475,165.25,23
"589",638,26,6.475,57.575,23
"590",669,15,2,40.525,23
"591",699,14,2,47.575,23
"592",730,23.5,3.475,100.35,23
"593",761,43,5.475,173.625,23
"594",790,65.5,8,441.924999999999,23
"595",821,66,4.95,464.25,23
"596",851,50,2.475,310.024999999999,23
"597",882,13.5,1,117,23
"598",912,6,0,44.1,23
"599",151,6278.5,1640,16686.95,24
"600",181,2523,540,7097.6,24
"601",212,1050,290.95,2682.7,24
"602",243,384,85.925,903.2,24
"603",273,172,35.95,406.625,24
"604",304,136,39.95,362.45,24
"605",334,190.5,48.95,700.549999999998,24
"606",365,618,124.575,1525.65,24
"607",396,2595,516.15,7684.825,24
"608",424,6200.5,1604.05,23715.7,24
"609",455,10975,1923.425,25099.5499999999,24
"610",485,6769,1844.125,19599.075,24
"611",516,2560,546.175,6595.425,24
"612",546,802,134.325,1723.2,24
"613",577,269.5,89.425,704,24
"614",608,67.5,20.95,148.025,24
"615",638,23,6,75.3999999999999,24
"616",669,18,4,58.2999999999999,24
"617",699,14,2.475,56.2999999999999,24
"618",730,21,2.475,75.8249999999999,24
"619",761,43,4,207.8,24
"620",790,62.5,3.9,474.775,24
"621",821,71.5,4.475,422.15,24
"622",851,30.5,1.95,265.05,24
"623",882,17,1,94.2999999999999,24
"624",912,4,0,70.5999999999998,24
"625",151,6025,1217.9,14792.725,25
"626",181,2687,906.725,7123.925,25
"627",212,926,287.225,2572.05,25
"628",243,401.5,96.15,965.574999999999,25
"629",273,176.5,41.475,413.725,25
"630",304,139,39.95,327.25,25
"631",334,211.5,39.95,602.25,25
"632",365,613.5,147.55,1608.8,25
"633",396,2675.5,713.65,6848.275,25
"634",424,6379.5,1835.225,20992.625,25
"635",455,10167,2454.5,24247.725,25
"636",485,6717,1532.05,17594.875,25
"637",516,2754.5,854.85,5827.525,25
"638",546,826.5,160.575,1800.925,25
"639",577,261.5,72.425,600.8,25
"640",608,68,22.475,150.525,25
"641",638,21,5.475,83,25
"642",669,15.5,5,46.525,25
"643",699,14,1.475,42.1,25
"644",730,18,4,65.05,25
"645",761,40,5.95,150.15,25
"646",790,64.5,12.375,276.05,25
"647",821,63,7.475,347.174999999998,25
"648",851,36,5.425,163.25,25
"649",882,13,2,65.1,25
"650",912,4,0,24,25
"651",151,6386.5,1034.6,15585.875,26
"652",181,2599.5,584.175,6333.375,26
"653",212,1067,282.9,2569.1,26
"654",243,383.5,90.475,838.299999999999,26
"655",273,165,43.475,420.35,26
"656",304,151.5,45.325,330.4,26
"657",334,211.5,44.75,573.8,26
"658",365,628,157.625,1824.925,26
"659",396,2603,612.325,7580.64999999999,26
"660",424,6361,2005.4,21941.1,26
"661",455,10337,2670.225,24629.175,26
"662",485,6441.5,1737.925,18799.35,26
"663",516,2873,985.7,6134.225,26
"664",546,847.5,174.5,1888.05,26
"665",577,257,81.85,687.625,26
"666",608,70.5,21.475,152.675,26
"667",638,24,7,98.1,26
"668",669,15,3,48.05,26
"669",699,13,2,45.2499999999999,26
"670",730,22.5,6,79.7249999999999,26
"671",761,43.5,6.95,168.625,26
"672",790,58.5,9.95,208.525,26
"673",821,77,9.95,345.2,26
"674",851,38,3.475,189.1,26
"675",882,16,2,66.8749999999999,26
"676",912,4,0,21,26
"677",151,6661.5,1555.1,17099.975,27
"678",181,2506,477.1,5846.825,27
"679",212,889,241.425,2758.425,27
"680",243,333,86.5,799.5,27
"681",273,186.5,36.425,499.674999999999,27
"682",304,130.5,35.425,325.2,27
"683",334,208.5,34.7,503.025,27
"684",365,618,136.9,1747.125,27
"685",396,2690.5,663.325,6712.225,27
"686",424,6344,1840.375,22150.725,27
"687",455,9284.5,2531.375,28577.0999999999,27
"688",485,7041,1450,17617.975,27
"689",516,2564,618.625,6941.075,27
"690",546,875.5,172.7,2036.475,27
"691",577,257.5,74.45,580.675,27
"692",608,71,24.475,181.575,27
"693",638,23.5,7.475,70.575,27
"694",669,18,4,57.0249999999998,27
"695",699,13,1.475,37,27
"696",730,21,4,85.1,27
"697",761,43.5,5.95,118,27
"698",790,69.5,9,277.725,27
"699",821,54,10.475,378.75,27
"700",851,34.5,5.475,175.725,27
"701",882,14.5,2,61.8249999999999,27
"702",912,4,0,20.525,27
"703",151,6173,1086.275,14798.475,28
"704",181,2853.5,800.225,7165.8,28
"705",212,971,279.225,2526.95,28
"706",243,390,78.85,915.025,28
"707",273,179,41.85,412.025,28
"708",304,143,36.85,319.1,28
"709",334,220,45.95,578.85,28
"710",365,614.5,183.25,1633.1,28
"711",396,2578,488.2,7194.575,28
"712",424,6012,1645.525,18915.775,28
"713",455,10453,2145.625,23096.8,28
"714",485,7270,1664.75,18168.75,28
"715",516,2729,834.325,6381.525,28
"716",546,857,164.2,1756.525,28
"717",577,278,78.325,586.525,28
"718",608,68.5,19.425,170.3,28
"719",638,26.5,7,83.5499999999998,28
"720",669,16.5,3.475,51.1,28
"721",699,14,2,44.7249999999999,28
"722",730,22,3,72.625,28
"723",761,40,7.95,154.525,28
"724",790,64.5,7,317.124999999999,28
"725",821,62,13.475,243.725,28
"726",851,34,2.475,148.525,28
"727",882,15,2,76.1999999999999,28
"728",912,4,0,18.05,28
"729",151,6088.5,1735.975,16545.675,29
"730",181,2401,484.55,5589.4,29
"731",212,1051.5,153.975,2518.975,29
"732",243,336.5,63.975,821.2,29
"733",273,172.5,43.95,496.499999999999,29
"734",304,152,32.375,403.35,29
"735",334,227,50.475,548.899999999999,29
"736",365,679,176.275,1734.975,29
"737",396,3100.5,703.2,6703.8,29
"738",424,6817,1358.775,22853.7,29
"739",455,11038.5,2707.15,30738.4,29
"740",485,7131,1818.825,16087.15,29
"741",516,2386,524.35,6584.32499999999,29
"742",546,868.5,208.6,2281.025,29
"743",577,229,69.875,642.699999999999,29
"744",608,73,14.75,181.45,29
"745",638,23,9,75.625,29
"746",669,15,4,37.525,29
"747",699,14,3.475,43.575,29
"748",730,20.5,2.95,68.7249999999999,29
"749",761,35,6,121.075,29
"750",790,58.5,12.475,202.85,29
"751",821,58.5,15.475,318.45,29
"752",851,34.5,5,184.25,29
"753",882,14,0.475,72.4499999999998,29
"754",912,4,0,32.575,29
"755",151,7280,2089.625,19138.45,30
"756",181,2576.5,663.95,6023.025,30
"757",212,1155.5,172.025,2396.9,30
"758",243,372,80.375,887.725,30
"759",273,186,48.8,536.825,30
"760",304,157,35,398.575,30
"761",334,219,41.475,542.95,30
"762",365,700,188.075,1821.925,30
"763",396,2855,591.425,7719.1,30
"764",424,6715,1390.375,25981.85,30
"765",455,10437,3103.175,34282.625,30
"766",485,5805,1678.85,22958.425,30
"767",516,2406.5,586.075,6494.2,30
"768",546,783,150.85,1832.725,30
"769",577,208.5,57.55,585,30
"770",608,70,9.375,140.05,30
"771",638,24.5,5.425,66.6749999999999,30
"772",669,15,2,47,30
"773",699,12.5,1,46.0249999999998,30
"774",730,19,2.475,120.725,30
"775",761,40,4,237.575,30
"776",790,67,5,468.849999999999,30
"777",821,70.5,2.475,533.224999999999,30
"778",851,34.5,2,438.425,30
"779",882,15,0,128.65,30
"780",912,3.5,0,49.05,30
"781",151,6934,1924.775,16830.75,31
"782",181,3019,813.975,7378.475,31
"783",212,1136.5,283.05,2489.825,31
"784",243,379.5,97.275,1034.625,31
"785",273,174,72.425,441.775,31
"786",304,150,33.375,410,31
"787",334,213.5,54.325,574.45,31
"788",365,683.5,182.325,1826.375,31
"789",396,2235.5,767.925,6633.1,31
"790",424,6576.5,1481.075,20826.75,31
"791",455,9827,2699.6,30964.75,31
"792",485,6352.5,1630.875,16718.8,31
"793",516,2760,615.75,6147.525,31
"794",546,774.5,253.275,2162.625,31
"795",577,232.5,77.125,527.85,31
"796",608,71.5,20,225.825,31
"797",638,24.5,5,67.525,31
"798",669,13,2.475,48.6749999999999,31
"799",699,11.5,2,48.1,31
"800",730,21,2,71.0749999999998,31
"801",761,41,5.475,254.1,31
"802",790,50,3.475,371.725,31
"803",821,69.5,2.95,453.025,31
"804",851,38,1.475,261.475,31
"805",882,14,0,179.475,31
"806",912,4,0,70.3499999999995,31
"807",151,6625,1492.75,19866.4,32
"808",181,2738.5,552.725,7234.65,32
"809",212,1183,350.7,2832.425,32
"810",243,347,94.65,793.35,32
"811",273,195,43.475,424.675,32
"812",304,147,37,328.575,32
"813",334,210,63.7,449.975,32
"814",365,581,172.775,1954.975,32
"815",396,2489,549.575,7224.975,32
"816",424,6188.5,1294.925,23490.375,32
"817",455,9106,2708.375,27986.675,32
"818",485,6531.5,1268.95,16830.275,32
"819",516,2587,697.225,7388.89999999999,32
"820",546,778,253.125,2138.8,32
"821",577,219.5,33.6,515.899999999999,32
"822",608,69.5,21.85,184.525,32
"823",638,24.5,8,65.1499999999999,32
"824",669,15,4.475,48,32
"825",699,15,2,37.625,32
"826",730,19,3,56.7249999999999,32
"827",761,47,4.95,183.875,32
"828",790,61,6,293.625,32
"829",821,87.5,6.475,385.775,32
"830",851,48.5,2.95,373.075,32
"831",882,17.5,1,139.25,32
"832",912,4,0,45.575,32
"833",151,7263.5,2161.125,18799.85,33
"834",181,2906,580.2,6654.225,33
"835",212,948.5,256.175,2595.775,33
"836",243,341,81.9,1051.925,33
"837",273,163,26.475,483.449999999999,33
"838",304,155,50.425,459.675,33
"839",334,217,52.85,507.25,33
"840",365,620.5,109,1907.4,33
"841",396,2893.5,577.875,7708.2,33
"842",424,6616.5,1172.75,22800.275,33
"843",455,12326.5,3685.2,37319.5,33
"844",485,6963,1298.35,19309.05,33
"845",516,2823.5,652.7,6806.95,33
"846",546,789,262.9,2012.125,33
"847",577,240.5,38.425,588.9,33
"848",608,67,13.475,199.25,33
"849",638,24,5.475,77.05,33
"850",669,13,1.475,55.05,33
"851",699,12,1.475,41.6749999999999,33
"852",730,20,2,86.575,33
"853",761,35,6.95,190.799999999999,33
"854",790,50,3.475,294.424999999999,33
"855",821,54,2.475,504.349999999999,33
"856",851,31,1.475,303.274999999999,33
"857",882,11.5,0,92.05,33
"858",912,4,0,50.1999999999999,33
"859",151,6862,1703.375,17871.025,34
"860",181,3038,817.9,7554.4,34
"861",212,1080.5,225.8,2137.65,34
"862",243,383,72.125,916.65,34
"863",273,169,25,451.325,34
"864",304,141.5,38.425,393.85,34
"865",334,206.5,43.95,528.525,34
"866",365,666.5,177.1,1610.4,34
"867",396,2857.5,737.95,8783.575,34
"868",424,7096.5,1551.725,19279.75,34
"869",455,11251,2596.025,31149.2,34
"870",485,6783.5,2168.85,19901.25,34
"871",516,2590,716.625,8120.65,34
"872",546,708.5,180.9,2046.8,34
"873",577,212,43.425,561.15,34
"874",608,65,10.95,162.2,34
"875",638,25,2.475,72.625,34
"876",669,14,2.475,36.525,34
"877",699,12.5,3,48.05,34
"878",730,23,5,68.7249999999999,34
"879",761,44,2.95,188.775,34
"880",790,70.5,3.95,359.725,34
"881",821,66.5,4.95,374.25,34
"882",851,36.5,2,236.1,34
"883",882,16,1,124.575,34
"884",912,4,0,38.6749999999999,34
"885",151,7374.5,2532.825,21677.975,35
"886",181,2809.5,759.025,7139.775,35
"887",212,997,231.4,2205.3,35
"888",243,392.5,69.725,1028.525,35
"889",273,174,37.85,443.95,35
"890",304,157,40,405.95,35
"891",334,228,41.425,702.924999999999,35
"892",365,639,133.35,1954.4,35
"893",396,2558,529.8,7338.25,35
"894",424,7699,1849.6,26236.325,35
"895",455,10378.5,2409.425,25753.625,35
"896",485,6089.5,1517.325,18979.2,35
"897",516,2464.5,868.725,7261.275,35
"898",546,715.5,126.9,1968.1,35
"899",577,232.5,68.325,628.699999999999,35
"900",608,67,12.325,154.675,35
"901",638,22.5,4.95,64.525,35
"902",669,14,1.95,48,35
"903",699,13,3,38.575,35
"904",730,20,3.475,67.1,35
"905",761,40,4.95,190.925,35
"906",790,62,8,428.049999999999,35
"907",821,66,8,427.1,35
"908",851,30.5,2.475,283.875,35
"909",882,13,0.475,144.575,35
"910",912,4,0,56.3999999999999,35
"911",151,6867,1438.475,18960.2,36
"912",181,2889,828.225,7856.175,36
"913",212,1040.5,297.025,2851.3,36
"914",243,433.5,100.225,983.875,36
"915",273,187.5,33.95,363.05,36
"916",304,140,42.425,385.175,36
"917",334,205,42.95,640.574999999999,36
"918",365,574.5,145.9,1297.3,36
"919",396,2331,586.55,7886.37499999999,36
"920",424,6123.5,1708.425,19338.85,36
"921",455,10298.5,2089.625,28703.425,36
"922",485,6848.5,1661.75,19779.775,36
"923",516,2654.5,900.95,6180.725,36
"924",546,806,145.9,2195,36
"925",577,254.5,68.95,525.2,36
"926",608,60.5,18,176.075,36
"927",638,24,4.9,79,36
"928",669,15.5,3,49.2999999999999,36
"929",699,13,2.475,42.525,36
"930",730,22.5,5,71.1499999999999,36
"931",761,40,5,176.05,36
"932",790,67,11,364.525,36
"933",821,68,5.95,560.475,36
"934",851,36.5,2.95,350.049999999999,36
"935",882,19,1.475,113.875,36
"936",912,3.5,0,46.8249999999999,36
"937",151,7322.5,1873.375,19297.5,37
"938",181,2443,576.625,5832.5,37
"939",212,1098.5,163.75,2501.25,37
"940",243,363,69.975,901.4,37
"941",273,167,51.475,437.35,37
"942",304,154,33.475,393.525,37
"943",334,214.5,51.95,583.024999999999,37
"944",365,649,196.075,1833.075,37
"945",396,3000.5,763.475,7688.95,37
"946",424,7026.5,1367.7,18832.575,37
"947",455,9313.5,2670.75,31019.05,37
"948",485,6370.5,1693.75,19197.75,37
"949",516,2398.5,631.65,6941.825,37
"950",546,733.5,135.15,2006.325,37
"951",577,213,86,557.55,37
"952",608,68.5,13.325,168.775,37
"953",638,24.5,6,61.575,37
"954",669,16,3,41.7249999999999,37
"955",699,12,3,37,37
"956",730,21,4,63.525,37
"957",761,42.5,6.475,131.35,37
"958",790,51,11.475,217.875,37
"959",821,74.5,7.95,269.575,37
"960",851,33,5,148.075,37
"961",882,15,2,84.525,37
"962",912,3,0,24.1,37
"963",151,5711.5,1687.3,17267.75,38
"964",181,2849,643.15,7778.49999999999,38
"965",212,1074,254.225,2874.875,38
"966",243,327,71.425,769.575,38
"967",273,172,42.95,465.25,38
"968",304,143,26.425,333.775,38
"969",334,230.5,45,578.975,38
"970",365,692.5,169.725,1645.475,38
"971",396,3140.5,733.925,7850.325,38
"972",424,7267,2645.575,24037.9,38
"973",455,11847.5,2644.525,28853.25,38
"974",485,7129,1555.225,21637.175,38
"975",516,2555.5,705.6,8019.025,38
"976",546,731,205.825,2121.175,38
"977",577,193.5,47.325,452.65,38
"978",608,68,11.95,170.575,38
"979",638,26,4.475,72,38
"980",669,14,2,37.525,38
"981",699,12.5,3,40.525,38
"982",730,22,4,66.6749999999999,38
"983",761,38,7.475,130,38
"984",790,57.5,9.95,233.575,38
"985",821,76,6.425,319.124999999999,38
"986",851,37.5,2.475,147.525,38
"987",882,12.5,0.475,71.575,38
"988",912,4,0,23.525,38
"989",151,6645.5,1336.175,17932.475,39
"990",181,3099.5,646.15,7711.725,39
"991",212,1163.5,460.375,2518.925,39
"992",243,363.5,85.275,923.55,39
"993",273,169.5,41.125,437.05,39
"994",304,146.5,22,419.65,39
"995",334,199.5,55.975,612.35,39
"996",365,642,164.15,1579.175,39
"997",396,2380,715.125,7024.97499999999,39
"998",424,6290.5,1445.275,18021.625,39
"999",455,10239,2764.275,32460.825,39
"1000",485,6783.5,1489.975,17349.775,39
"1001",516,2636.5,505.525,6144.65,39
"1002",546,777,276.35,2215.175,39
"1003",577,218,74.325,491.775,39
"1004",608,67,17.95,178.925,39
"1005",638,25.5,7,73.575,39
"1006",669,13,4,36.1999999999999,39
"1007",699,14,2,42.525,39
"1008",730,24.5,3.475,75.525,39
"1009",761,47.5,10,154.3,39
"1010",790,59,11.425,240.05,39
"1011",821,77,14.75,323.35,39
"1012",851,42.5,6.475,182.675,39
"1013",882,14.5,1.475,78.05,39
"1014",912,4.5,0,31.575,39
"1015",151,6519.5,1839.8,18081.375,40
"1016",181,2781.5,762.125,7417.825,40
"1017",212,1039.5,228.65,2190.55,40
"1018",243,381.5,136.65,895.375,40
"1019",273,168.5,35.95,415.3,40
"1020",304,129.5,23,341.049999999999,40
"1021",334,211.5,60.75,580.074999999999,40
"1022",365,606,117.7,1489.625,40
"1023",396,2646,513.4,7847.375,40
"1024",424,7487,1427.325,21065.275,40
"1025",455,11415,2514.625,35132.4,40
"1026",485,7655.5,1548.45,20959.425,40
"1027",516,3146,1091.925,6493.325,40
"1028",546,848,168.075,2141.3,40
"1029",577,223.5,60.4,499.475,40
"1030",608,67,13.425,206.575,40
"1031",638,27.5,6,73,40
"1032",669,13.5,2,42.1,40
"1033",699,11,1,38.05,40
"1034",730,17.5,2.475,64.1,40
"1035",761,41,7.95,160.375,40
"1036",790,54.5,7,182.3,40
"1037",821,61.5,6,275.975,40
"1038",851,33,2.475,166.875,40
"1039",882,14,0.475,59.575,40
"1040",912,3,0,18,40
"1041",151,6932,1542.1,20879.775,41
"1042",181,2425.5,479.55,6756.925,41
"1043",212,1110.5,287.175,2615.725,41
"1044",243,389.5,81.375,797.2,41
"1045",273,182,31.75,480.825,41
"1046",304,145.5,35.95,356.825,41
"1047",334,188,43.425,524.175,41
"1048",365,609,156.675,1821.025,41
"1049",396,3219,1110.675,7764.95,41
"1050",424,7218.5,2319.725,16629.925,41
"1051",455,11602.5,3520.825,29918.975,41
"1052",485,6980.5,1845.1,20174.75,41
"1053",516,2884,547.925,6913.14999999999,41
"1054",546,828,185.575,2239.625,41
"1055",577,192,42.425,506.074999999999,41
"1056",608,63.5,15.9,176.875,41
"1057",638,28,5,69.575,41
"1058",669,15,2,38,41
"1059",699,13,3,43.05,41
"1060",730,20.5,5,64.6749999999999,41
"1061",761,41.5,8,143.475,41
"1062",790,65.5,10.475,200,41
"1063",821,61,14.325,324.725,41
"1064",851,35,7,168.85,41
"1065",882,13,1,75.8249999999999,41
"1066",912,4,0,20.525,41
"1067",151,8607.5,1953.375,21590.725,42
"1068",181,3561.5,811.75,7762.125,42
"1069",212,1130.5,348.725,2950.35,42
"1070",243,401,80.425,909.824999999999,42
"1071",273,188.5,34.475,481.8,42
"1072",304,137,40.425,429.725,42
"1073",334,210,54.375,548.799999999999,42
"1074",365,523,125,1357.025,42
"1075",396,2776.5,447.225,7665.225,42
"1076",424,6275.5,2361.6,19780.825,42
"1077",455,10624.5,1584,26925.525,42
"1078",485,7156,1969.9,17320.325,42
"1079",516,2850.5,770.875,6647.74999999999,42
"1080",546,785.5,186.175,2289.4,42
"1081",577,198.5,68.75,653.4,42
"1082",608,67,18,160.05,42
"1083",638,22,5.475,66.525,42
"1084",669,12,1,35.525,42
"1085",699,12,2,41.05,42
"1086",730,21,4,58.05,42
"1087",761,36,4.475,171.025,42
"1088",790,67.5,6.375,400.05,42
"1089",821,70.5,10,447.775,42
"1090",851,43,4.475,287.025,42
"1091",882,13,0.475,133.525,42
"1092",912,4,0,35.05,42
"1093",151,8967.5,3542.95,19720.325,43
"1094",181,3108.5,939.75,7367.65,43
"1095",212,1123,325.075,2963.475,43
"1096",243,409.5,136.475,1160.375,43
"1097",273,182.5,49.425,398.725,43
"1098",304,150,32.8,379.575,43
"1099",334,203.5,60.65,488.2,43
"1100",365,569.5,175.45,1710.2,43
"1101",396,2773,622.675,7895.775,43
"1102",424,6745,1979.925,15291.275,43
"1103",455,10815.5,3155.575,25959.525,43
"1104",485,7663.5,1925.65,15990.275,43
"1105",516,2579,960.65,6997.64999999999,43
"1106",546,786.5,264.15,1755.8,43
"1107",577,208,69.65,503.725,43
"1108",608,62,22,213.925,43
"1109",638,24,5.475,67.05,43
"1110",669,13,3.475,39.05,43
"1111",699,12,1.475,46.7249999999999,43
"1112",730,18.5,2,72.6749999999999,43
"1113",761,34.5,4.425,183.525,43
"1114",790,62.5,5.425,334.175,43
"1115",821,68.5,5.95,344.575,43
"1116",851,36,1.475,318.525,43
"1117",882,16,0,109.625,43
"1118",912,3.5,0,45.575,43
"1119",151,7754,1814.5,16646.825,44
"1120",181,2868,645.325,8671.575,44
"1121",212,1034.5,199.825,2929.775,44
"1122",243,413,102.9,1199.4,44
"1123",273,174.5,35.9,427.1,44
"1124",304,143.5,28.475,324.25,44
"1125",334,227.5,53.475,584.8,44
"1126",365,678.5,110.375,1636.725,44
"1127",396,2792,650.85,8383.35,44
"1128",424,8070,1960.875,21191.6,44
"1129",455,10705,2613.95,30801.3,44
"1130",485,6621,1683.275,17274.9,44
"1131",516,2641.5,628.75,7785.34999999999,44
"1132",546,737.5,160.85,2250.62499999999,44
"1133",577,221,65.65,625.025,44
"1134",608,55,21.9,166.075,44
"1135",638,21,5.475,69.7249999999999,44
"1136",669,12.5,2,47.05,44
"1137",699,11.5,1,47.1999999999999,44
"1138",730,18,4.475,92.7249999999999,44
"1139",761,41.5,5.475,176.975,44
"1140",790,62,8,433.225,44
"1141",821,58,7,420.85,44
"1142",851,39,1.475,404.549999999999,44
"1143",882,14,0,173.2,44
"1144",912,5,0,59.575,44
"1145",151,7021.5,1949.55,20085.5,45
"1146",181,2799,621.65,7361.225,45
"1147",212,1234.5,356.125,3023.175,45
"1148",243,353,78.6,950.575,45
"1149",273,191.5,37.9,503.95,45
"1150",304,139,43,369.675,45
"1151",334,226,38.425,652.599999999999,45
"1152",365,610,177.825,1752,45
"1153",396,2512.5,444.175,9862.17499999999,45
"1154",424,5971,1781.45,19554.925,45
"1155",455,9130.5,1950.525,29622,45
"1156",485,7017.5,1511.45,18115.475,45
"1157",516,2494.5,840.9,5549.32499999999,45
"1158",546,757.5,143.5,1981.475,45
"1159",577,232,80.225,551.3,45
"1160",608,61,19,146.1,45
"1161",638,24,6.425,60.625,45
"1162",669,15,3,43.575,45
"1163",699,12.5,2,41.1999999999999,45
"1164",730,18.5,2.475,95.9249999999999,45
"1165",761,39,4.95,157.725,45
"1166",790,78.5,7.95,562.274999999999,45
"1167",821,74,6,428.875,45
"1168",851,42,3.475,286.3,45
"1169",882,16.5,0,88.7749999999999,45
"1170",912,4,0,41.575,45
"1171",151,8541.5,2146.025,21244.175,46
"1172",181,3007,1007.125,7587.4,46
"1173",212,1155,335.975,3534.175,46
"1174",243,386,81.175,1081.8,46
"1175",273,202.5,52.75,525.1,46
"1176",304,157,35.6,418.875,46
"1177",334,179,39.325,546.599999999999,46
"1178",365,638.5,158.9,1810.625,46
"1179",396,2414,545.775,6321.74999999999,46
"1180",424,6703.5,1525.075,19078.05,46
"1181",455,10290,3192.775,30812.7,46
"1182",485,5855,1846.625,13448.475,46
"1183",516,2486,792.65,6514.375,46
"1184",546,692.5,257.65,2318.7,46
"1185",577,243.5,58.225,536.325,46
"1186",608,58.5,16.95,186.975,46
"1187",638,24,4,63.6749999999999,46
"1188",669,15.5,3,48.05,46
"1189",699,14.5,2,41.05,46
"1190",730,21.5,2.475,84.575,46
"1191",761,51.5,7.475,147.1,46
"1192",790,80,8.475,386.799999999999,46
"1193",821,89.5,12.475,468.199999999999,46
"1194",851,44,4,347.099999999999,46
"1195",882,18,0.475,136.275,46
"1196",912,6,0,43.575,46
"1197",151,7728.5,1518.075,18663.825,47
"1198",181,2675,487.375,7924.75,47
"1199",212,1094.5,290.9,2986.35,47
"1200",243,359.5,90.475,891.249999999999,47
"1201",273,178,33.475,437.55,47
"1202",304,128.5,31.475,331.1,47
"1203",334,196,47.8,578.45,47
"1204",365,630,145.325,1955.325,47
"1205",396,2791.5,986.9,8908.39999999999,47
"1206",424,7036,1712.4,17715.975,47
"1207",455,11707,2738.65,29003.925,47
"1208",485,6726,1663.5,19743.3,47
"1209",516,2759,561.3,6831.44999999999,47
"1210",546,740.5,210.075,1924.925,47
"1211",577,195,40.475,523.25,47
"1212",608,58,9,176.775,47
"1213",638,19.5,5,69,47
"1214",669,15,2,31.05,47
"1215",699,12,3,45,47
"1216",730,19,3,58.525,47
"1217",761,41.5,8,168.3,47
"1218",790,53.5,6.475,362.949999999999,47
"1219",821,69,10.475,349.099999999999,47
"1220",851,43,3,254.075,47
"1221",882,14,0.475,136.4,47
"1222",912,5.5,0,36.1499999999999,47
"1223",151,8457.5,1643.85,19578.15,48
"1224",181,3131.5,804.65,6472.45,48
"1225",212,1098.5,232.325,3151.7,48
"1226",243,337,55.95,1067.975,48
"1227",273,182.5,58.375,530.15,48
"1228",304,161.5,25.9,389.1,48
"1229",334,198,38.425,615.374999999999,48
"1230",365,633.5,80.125,1603.925,48
"1231",396,2717,738.2,7991.9,48
"1232",424,7653.5,1665.975,21304,48
"1233",455,12576.5,4473.7,33743.425,48
"1234",485,6920,1492.55,19497.2,48
"1235",516,2670.5,762.725,6592.6,48
"1236",546,818,188.525,2349.925,48
"1237",577,221,54.5,625.875,48
"1238",608,62,13.95,168.825,48
"1239",638,22,7,58.1499999999999,48
"1240",669,13,1.95,39.525,48
"1241",699,11,2,46.05,48
"1242",730,18,1.475,55.05,48
"1243",761,35.5,6,226.875,48
"1244",790,59,5.95,423.95,48
"1245",821,64,7.95,420.525,48
"1246",851,31.5,4.475,209.1,48
"1247",882,14.5,1,119.575,48
"1248",912,4.5,0,32,48
"1249",151,8316.5,2184.8,23465.05,49
"1250",181,3050,775.75,8200.075,49
"1251",212,1051.5,233.925,2504.8,49
"1252",243,373,70.725,904.775,49
"1253",273,173,31.8,469.575,49
"1254",304,144.5,41.95,373.3,49
"1255",334,216,53.9,523.075,49
"1256",365,654.5,177.475,1737.35,49
"1257",396,2825,565.975,7188.475,49
"1258",424,7325,1673.475,22549.2,49
"1259",455,10227.5,2339.2,25508.775,49
"1260",485,6257.5,1322.95,19343.8,49
"1261",516,2549.5,772.85,6707.175,49
"1262",546,725,119.175,1931.525,49
"1263",577,215,58.275,583.5,49
"1264",608,66,15.375,140.525,49
"1265",638,23.5,6.475,65.1999999999999,49
"1266",669,13,2.475,40,49
"1267",699,12.5,3,44.05,49
"1268",730,19.5,3.95,61.05,49
"1269",761,43,6,137.15,49
"1270",790,60.5,10.95,264.7,49
"1271",821,65,14,296.974999999999,49
"1272",851,40,8,200.2,49
"1273",882,12,1,101.25,49
"1274",912,4,0,24.8249999999999,49
"1275",151,7367.5,2135.325,18456.625,50
"1276",181,3129.5,650.3,7774.375,50
"1277",212,1142,243.25,2292.05,50
"1278",243,383,117.425,977.05,50
"1279",273,179.5,31.85,477.75,50
"1280",304,137,30.65,372.674999999999,50
"1281",334,200,43.95,538.75,50
"1282",365,561,133.725,1385.775,50
"1283",396,2385,482.975,8540.95,50
"1284",424,6985,1170.65,19443.45,50
"1285",455,11962.5,3317.375,29651.8,50
"1286",485,6641.5,1670.65,19577.575,50
"1287",516,2885,621.4,7029.22499999999,50
"1288",546,693.5,233.25,1829.025,50
"1289",577,214,34.475,498.65,50
"1290",608,67.5,12.475,186.1,50
"1291",638,25.5,5,67.1,50
"1292",669,13,2,36.525,50
"1293",699,10,1.475,34.575,50
"1294",730,19,3,51.525,50
"1295",761,37,4.475,148.25,50
"1296",790,51,5.475,230.675,50
"1297",821,60.5,8.475,266.575,50
"1298",851,36,2.475,167.525,50
"1299",882,12,0.475,75.575,50
"1300",912,3,0,18.05,50
"1301",151,7392.5,2167.175,17343.175,51
"1302",181,3221.5,618.125,7740.375,51
"1303",212,1078.5,225.95,2412.625,51
"1304",243,380,105.275,950.225,51
"1305",273,186,38.375,414.925,51
"1306",304,142,25.275,404.525,51
"1307",334,232.5,41.475,555.525,51
"1308",365,599.5,129.275,1431.725,51
"1309",396,2935.5,501.95,7138.3,51
"1310",424,7282,1286.125,19524.025,51
"1311",455,12012.5,3547.675,33584.525,51
"1312",485,6516.5,1564.95,18800.9,51
"1313",516,2955,789.15,6940,51
"1314",546,740.5,276,1981.1,51
"1315",577,217.5,56.175,469.975,51
"1316",608,58,12.475,177.1,51
"1317",638,22,6,91.05,51
"1318",669,14,2.475,43.6749999999999,51
"1319",699,11,2.475,31.1,51
"1320",730,18.5,5,75.6749999999999,51
"1321",761,35.5,5,147.2,51
"1322",790,57,9.475,214.2,51
"1323",821,53,7.475,330.2,51
"1324",851,36,5.475,173.775,51
"1325",882,14.5,1,87.9249999999999,51
"1326",912,3,0,27.3499999999999,51
"1327",151,8162.5,1945.425,18171.25,52
"1328",181,2971.5,680.7,6546.075,52
"1329",212,963.5,246.65,3559.15,52
"1330",243,354,60,1024.875,52
"1331",273,182.5,46.85,558.249999999999,52
"1332",304,159,25.475,349.325,52
"1333",334,227.5,36.9,585.224999999999,52
"1334",365,612,74.6,1622.825,52
"1335",396,2768.5,503.6,6103.2,52
"1336",424,8196,1540.05,24144.5,52
"1337",455,11755.5,4908.475,29289.25,52
"1338",485,7469.5,1715.575,16261.9,52
"1339",516,2656.5,843.1,6635.47499999999,52
"1340",546,734,183.175,2419.025,52
"1341",577,223,45,581.199999999999,52
"1342",608,59.5,16.425,159.825,52
"1343",638,25,4.95,70.1499999999999,52
"1344",669,13,1.475,37.525,52
"1345",699,13,1,37,52
"1346",730,18,3,60.05,52
"1347",761,38,6.475,145.15,52
"1348",790,62.5,5.95,231.15,52
"1349",821,66,10.9,246.775,52
"1350",851,32.5,3.425,166.85,52
"1351",882,13,1.475,84.7249999999999,52
"1352",912,5,0,22.525,52
"1353",151,7274,1539.8,25718,53
"1354",181,3367.5,571.725,8109.625,53
"1355",212,1073,198.575,2621.775,53
"1356",243,402,103.6,1104.975,53
"1357",273,200,44.7,442.75,53
"1358",304,165,26,415.6,53
"1359",334,204,61.75,513.25,53
"1360",365,658.5,134.7,2200.475,53
"1361",396,2776,603.125,8760.57499999999,53
"1362",424,7067.5,1720.825,23061.4,53
"1363",455,10048.5,2700.8,32155.725,53
"1364",485,5887,1627.9,15209.95,53
"1365",516,2539,404.05,6599.35,53
"1366",546,670,294.325,2066.3,53
"1367",577,201.5,51.625,520.4,53
"1368",608,56,11.375,187.25,53
"1369",638,22,5,64.525,53
"1370",669,12,1,35.05,53
"1371",699,13,2,52.05,53
"1372",730,21.5,4.475,96.1999999999999,53
"1373",761,36,6,136.675,53
"1374",790,64,5.475,273.725,53
"1375",821,68,4.95,475.274999999998,53
"1376",851,42,4,242.4,53
"1377",882,12.5,0.475,124.625,53
"1378",912,4,0,36.2499999999999,53
"1379",151,8415.5,2627.225,25115,54
"1380",181,3399,733.425,7960.525,54
"1381",212,1008.5,244.1,2834.85,54
"1382",243,416.5,91.2,1069.125,54
"1383",273,170,61.475,521.9,54
"1384",304,165.5,22.375,392.625,54
"1385",334,229.5,71.475,532.075,54
"1386",365,726,150.425,1534,54
"1387",396,2452,713.5,7810.5,54
"1388",424,5833,1657.45,19689.45,54
"1389",455,10295.5,2562.625,25254.525,54
"1390",485,5804,1354.075,15545.475,54
"1391",516,2480.5,697.9,5836.5,54
"1392",546,727.5,199.6,2341.3,54
"1393",577,239.5,54.65,572.05,54
"1394",608,63,13.475,185.05,54
"1395",638,23,5.475,66.05,54
"1396",669,13,3,41.1499999999999,54
"1397",699,15,2.95,59.2999999999999,54
"1398",730,23,3.475,80.1999999999999,54
"1399",761,52.5,5.475,154.15,54
"1400",790,91,9.85,383.4,54
"1401",821,88.5,10.475,497.049999999999,54
"1402",851,42,6,356.899999999999,54
"1403",882,17,1.475,128.3,54
"1404",912,5,0,42.05,54
"1405",151,7610.5,1856.975,16674.925,55
"1406",181,3326.5,566.75,7662.59999999999,55
"1407",212,1034,188.375,2829.55,55
"1408",243,391,112.6,1077.65,55
"1409",273,184,44.475,445.975,55
"1410",304,154,30.475,375.55,55
"1411",334,212,66.6,555.125,55
"1412",365,626.5,160.2,1626.65,55
"1413",396,2657.5,512.4,9173.525,55
"1414",424,6054.5,1815.425,21038.85,55
"1415",455,10840.5,2943.85,29188.45,55
"1416",485,5770,1613.7,13807.5,55
"1417",516,2395.5,440.825,6215.775,55
"1418",546,642.5,283.075,1946.9,55
"1419",577,217.5,61.7,546.224999999999,55
"1420",608,58.5,17,138.05,55
"1421",638,22.5,5.475,63.1,55
"1422",669,12,2.475,34.1,55
"1423",699,11,2,38.525,55
"1424",730,22,3.475,69.525,55
"1425",761,36.5,7.475,190.05,55
"1426",790,65,7.375,284.675,55
"1427",821,67,5,368.65,55
"1428",851,41.5,4,282.5,55
"1429",882,16,0,124.15,55
"1430",912,4,0,28.05,55
"1431",151,9046,1838.375,25298.7,56
"1432",181,3501.5,836.175,8026.85,56
"1433",212,1248,349.5,2886.375,56
"1434",243,435,119.975,1065.25,56
"1435",273,201,38.9,593.875,56
"1436",304,167.5,40.225,443.05,56
"1437",334,243.5,56.9,614.95,56
"1438",365,584.5,95.55,1598.125,56
"1439",396,2819.5,572.4,8291.54999999999,56
"1440",424,6012,1634.625,20218.75,56
"1441",455,10478.5,2123.325,25512.3,56
"1442",485,5637.5,1663.225,16371.875,56
"1443",516,2448,792.8,6327.525,56
"1444",546,696,172.025,1738.75,56
"1445",577,197,46.75,518.05,56
"1446",608,66,15.475,137.575,56
"1447",638,20,4,70.7249999999999,56
"1448",669,13,2,34.525,56
"1449",699,12,1,46.1,56
"1450",730,20.5,6,79.7249999999999,56
"1451",761,40,5.475,175.1,56
"1452",790,79,9.475,371.224999999999,56
"1453",821,101,6.375,418.65,56
"1454",851,50,4.95,366.85,56
"1455",882,19,1.475,111.575,56
"1456",912,5,0,70.3749999999997,56
"1457",151,8137,1674.8,23762.3,57
"1458",181,3711,1271.125,8035.575,57
"1459",212,1222,268.875,2868.625,57
"1460",243,420.5,121.1,971.1,57
"1461",273,191,38.225,537.3,57
"1462",304,142,36.175,359.5,57
"1463",334,197.5,57.65,561.05,57
"1464",365,622,185.025,1627.6,57
"1465",396,2520,530.625,7333.45,57
"1466",424,7096.5,1907.35,18192.875,57
"1467",455,9391.5,2488.85,22591.6,57
"1468",485,6911.5,1133.675,16787.65,57
"1469",516,2421.5,896.9,6754.55,57
"1470",546,723,235.95,1456.575,57
"1471",577,214.5,41.475,526.424999999999,57
"1472",608,66,17,154.05,57
"1473",638,19,4,67.575,57
"1474",669,13,2.475,36,57
"1475",699,13.5,0.475,38.525,57
"1476",730,19.5,5,68.575,57
"1477",761,45,10.475,171.749999999999,57
"1478",790,71,11.425,258.625,57
"1479",821,71.5,17.325,296.275,57
"1480",851,45.5,7.475,194.875,57
"1481",882,20.5,2.475,59.7249999999999,57
"1482",912,5,0,26.525,57
"1483",151,8638.5,1984.2,22643.95,58
"1484",181,3367,606.175,8776.225,58
"1485",212,1014.5,314.95,3068.7,58
"1486",243,385.5,80.75,1127.1,58
"1487",273,182.5,34.025,498.8,58
"1488",304,151,34.325,418.525,58
"1489",334,193.5,46.275,471.3,58
"1490",365,692.5,102.45,1820.1,58
"1491",396,2838.5,395.7,6697.825,58
"1492",424,7597.5,2236.55,24059.625,58
"1493",455,11167,2386.175,34627.775,58
"1494",485,7762,2102.875,17665.45,58
"1495",516,2768,926.4,7148.82499999999,58
"1496",546,770.5,204.975,1710.3,58
"1497",577,209.5,35.95,595.025,58
"1498",608,57,12.425,182.1,58
"1499",638,23.5,4.95,62,58
"1500",669,12,2,34.525,58
"1501",699,11.5,1.475,37,58
"1502",730,20.5,1,61.625,58
"1503",761,44.5,3.475,106.925,58
"1504",790,59.5,6.425,237.05,58
"1505",821,65.5,10.475,220.1,58
"1506",851,36.5,5,122.625,58
"1507",882,11.5,0.475,46.575,58
"1508",912,3,0,21.1999999999999,58
"1509",151,8887,2408.3,20554.525,59
"1510",181,3096,840.85,8861.1,59
"1511",212,1043,245.4,3272.57499999999,59
"1512",243,409.5,80.475,1114,59
"1513",273,196.5,40.325,532.3,59
"1514",304,154,27.95,363.35,59
"1515",334,215.5,44.9,516.7,59
"1516",365,612,72.95,1639.05,59
"1517",396,2972.5,847.475,8905.275,59
"1518",424,6690,1768.675,19737.7,59
"1519",455,12270,2505.95,27797.725,59
"1520",485,6928.5,2132.7,16746.175,59
"1521",516,2678.5,636.825,5917.75,59
"1522",546,673,167.375,2196.825,59
"1523",577,208,41.325,580.925,59
"1524",608,65.5,16.95,160.675,59
"1525",638,20,4.475,52.05,59
"1526",669,15,2,43.575,59
"1527",699,11,2,38.1499999999999,59
"1528",730,19,2,65.3499999999999,59
"1529",761,43,8,126.25,59
"1530",790,61,16.475,207.625,59
"1531",821,60.5,8,248.675,59
"1532",851,42.5,2.95,137.525,59
"1533",882,15.5,0,65.575,59
"1534",912,5,0,18.525,59
"1535",151,6854.5,1420.725,25116.725,60
"1536",181,2974,702,9242.22499999999,60
"1537",212,1040,216.75,2605.75,60
"1538",243,400,101.375,1075.775,60
"1539",273,186.5,39.9,486.3,60
"1540",304,153,31.375,397.749999999999,60
"1541",334,193,50.475,514.15,60
"1542",365,685,157.475,2023.075,60
"1543",396,2558.5,545.9,6659.87499999999,60
"1544",424,6893.5,1377.9,21203.35,60
"1545",455,10113.5,2852.8,27485.85,60
"1546",485,5779,1156.05,16941.125,60
"1547",516,2685,756.325,6743.375,60
"1548",546,738.5,186.675,1555.775,60
"1549",577,216,30.225,558.325,60
"1550",608,69,21.9,167.3,60
"1551",638,21,6,55.575,60
"1552",669,12.5,2.475,41.05,60
"1553",699,13.5,3,48,60
"1554",730,22,4.95,97.8749999999999,60
"1555",761,36.5,8.475,129.725,60
"1556",790,68,10.9,354.35,60
"1557",821,71,9.475,278.55,60
"1558",851,39,4.475,193.675,60
"1559",882,19,1,78.575,60
"1560",912,5,0.475,38.525,60
"1561",151,8989.5,2372.125,21846.2,61
"1562",181,3123,609.375,6701.3,61
"1563",212,1149.5,201.925,2703.55,61
"1564",243,387,53.475,938.65,61
"1565",273,185,52.9,515.699999999999,61
"1566",304,147,34.475,405.35,61
"1567",334,245.5,41.95,647.374999999999,61
"1568",365,640,199.25,1554.95,61
"1569",396,3180.5,781.95,7505.9,61
"1570",424,6920.5,1621.5,17525.975,61
"1571",455,10488.5,2930.475,32286.6,61
"1572",485,6131,1376.15,17759.15,61
"1573",516,2142,598.7,6261.82499999999,61
"1574",546,774,138.55,1929.75,61
"1575",577,199.5,65.175,529.875,61
"1576",608,66.5,10.85,176.725,61
"1577",638,25,7,59.1,61
"1578",669,14,3,38.575,61
"1579",699,12.5,2.475,29.525,61
"1580",730,19,4,63.625,61
"1581",761,46,8.475,153.525,61
"1582",790,59,8.425,233.1,61
"1583",821,78.5,14.475,376.049999999999,61
"1584",851,43,6.475,200.725,61
"1585",882,19,2.475,77.9749999999998,61
"1586",912,5,0,26.575,61
"1587",151,9768.5,1633.5,23188.325,62
"1588",181,3172,1186.75,8705.82499999999,62
"1589",212,1301.5,317.25,3327.85,62
"1590",243,402.5,111.3,821.725,62
"1591",273,172.5,44.75,517.75,62
"1592",304,162.5,42,385.5,62
"1593",334,180,57.425,622.649999999999,62
"1594",365,599.5,134.75,1605.975,62
"1595",396,2556,701.4,7604.2,62
"1596",424,7284.5,1445,28643.95,62
"1597",455,9659,3303.225,34825.425,62
"1598",485,5703,1473.95,18409.625,62
"1599",516,2571.5,712.475,6833.87499999999,62
"1600",546,628,179.8,1734.675,62
"1601",577,179,55.375,721.074999999999,62
"1602",608,52,12,159.325,62
"1603",638,21,3.95,73.525,62
"1604",669,11.5,2.475,43.525,62
"1605",699,12,2.475,45.1,62
"1606",730,19,2,71.05,62
"1607",761,35.5,7,191.675,62
"1608",790,62,8.475,403.9,62
"1609",821,76,4.475,750.724999999998,62
"1610",851,49,2.475,414.149999999999,62
"1611",882,19,0,103.625,62
"1612",912,4.5,0,57.05,62
"1613",151,8871.5,2397.05,27440.1499999999,63
"1614",181,3388,876.225,9192.95,63
"1615",212,1111.5,256.225,2967.625,63
"1616",243,469,77.625,1235.825,63
"1617",273,182.5,61.475,521.275,63
"1618",304,155.5,21.95,430.15,63
"1619",334,222.5,78.425,554.05,63
"1620",365,707.5,179.775,1832.85,63
"1621",396,2863,830.825,7690,63
"1622",424,6989,2048.15,20195.575,63
"1623",455,9999,2580.25,30780.025,63
"1624",485,5798,1259.725,18406.5,63
"1625",516,2322,522.375,5936.275,63
"1626",546,669.5,146.4,1865.675,63
"1627",577,214,43.425,598.75,63
"1628",608,62,12.475,159.45,63
"1629",638,22.5,5.95,64.05,63
"1630",669,11,1.475,54.05,63
"1631",699,12.5,2,37,63
"1632",730,17.5,2,74.05,63
"1633",761,36,4,191.325,63
"1634",790,59,6.475,364.875,63
"1635",821,55.5,5.95,440.425,63
"1636",851,37,1.475,332.849999999999,63
"1637",882,12.5,0,128.575,63
"1638",912,4,0,43.2999999999999,63
"1639",151,9306,2546.5,23670.15,64
"1640",181,3403.5,804.1,9631.325,64
"1641",212,1181.5,268.325,2908.825,64
"1642",243,483.5,123.85,1341.5,64
"1643",273,200.5,50.275,534.2,64
"1644",304,150,31.475,419.725,64
"1645",334,242.5,54.75,571.5,64
"1646",365,693,173.225,1436.95,64
"1647",396,2722.5,753.175,6792.925,64
"1648",424,6011,1685.95,25266.375,64
"1649",455,8507.5,2307.8,22232.35,64
"1650",485,6420.5,1812.8,16100.6,64
"1651",516,2404.5,782.125,6158.9,64
"1652",546,766,192.65,1847.775,64
"1653",577,223.5,50.85,601.625,64
"1654",608,60,12.425,132.05,64
"1655",638,19,2,51.625,64
"1656",669,12,2,40.1,64
"1657",699,11,2,38.1999999999999,64
"1658",730,21,4,73.5499999999998,64
"1659",761,41.5,6.475,137.15,64
"1660",790,71.5,6,412.274999999999,64
"1661",821,69.5,6.95,428.875,64
"1662",851,40,0.475,230.224999999999,64
"1663",882,15,0,116.65,64
"1664",912,5,0,29.525,64
"1665",151,9810,2158.275,25463.4,65
"1666",181,3240.5,707.875,9696.625,65
"1667",212,1205.5,279.125,3165.2,65
"1668",243,390.5,159.475,1156.725,65
"1669",273,188,35.475,480.55,65
"1670",304,143.5,42.475,428.25,65
"1671",334,225,66,577.525,65
"1672",365,555,86.475,1667.8,65
"1673",396,2833.5,833.05,8457.27499999999,65
"1674",424,7062.5,2280.15,16216.9,65
"1675",455,9754,2915.575,28850.625,65
"1676",485,6337.5,1849.15,19798.3,65
"1677",516,2444.5,565.075,5961.75,65
"1678",546,656,179.7,1856.45,65
"1679",577,196.5,42.95,478.5,65
"1680",608,57.5,12.425,156.2,65
"1681",638,23,6,57.525,65
"1682",669,13,1,41.05,65
"1683",699,11,1,41.575,65
"1684",730,17,3.475,47.575,65
"1685",761,39,8.95,168.125,65
"1686",790,59,8,233.1,65
"1687",821,58.5,4,421.024999999999,65
"1688",851,39,3.475,221.2,65
"1689",882,14,0,94.2499999999999,65
"1690",912,4,0,41.1499999999999,65
"1691",151,9435,2849.075,23865.35,66
"1692",181,3624.5,1026.75,8381.225,66
"1693",212,1207.5,305.275,3551.85,66
"1694",243,446,83.475,1218.975,66
"1695",273,195,58.175,588.775,66
"1696",304,132.5,26.375,409.4,66
"1697",334,218,30.475,534.2,66
"1698",365,606.5,140.125,1937.475,66
"1699",396,2907,731.85,6256.35,66
"1700",424,7343.5,1127.175,19891.2,66
"1701",455,10368,3175.225,33317.225,66
"1702",485,5748.5,1893.125,15855.525,66
"1703",516,2343.5,487.125,6878.82499999999,66
"1704",546,664.5,215.7,1748,66
"1705",577,195.5,53.85,463.8,66
"1706",608,56,12.425,151.925,66
"1707",638,24,3.475,56.625,66
"1708",669,11,1,37.1,66
"1709",699,13,2,34.525,66
"1710",730,20.5,2.475,64.7249999999999,66
"1711",761,40.5,6,143.575,66
"1712",790,57.5,5,317.774999999999,66
"1713",821,61.5,2.475,453.349999999999,66
"1714",851,32.5,1,249.575,66
"1715",882,15.5,0.475,85.05,66
"1716",912,3.5,0,29.1499999999999,66
"1717",151,9474,2395.9,29483.025,67
"1718",181,3259,1149.5,9624.475,67
"1719",212,1200,219.475,2634.175,67
"1720",243,375,131.425,941.425,67
"1721",273,158.5,32,465.575,67
"1722",304,143.5,24.7,369.775,67
"1723",334,202.5,61.075,518.9,67
"1724",365,608.5,93.125,1605.325,67
"1725",396,2567.5,363.15,8744.77499999999,67
"1726",424,7333.5,1050.5,18644,67
"1727",455,10967.5,2985.125,33127.775,67
"1728",485,7399.5,1940,19912.7,67
"1729",516,3082,1125.475,6905.95,67
"1730",546,743,170.75,2217.475,67
"1731",577,176.5,53.375,504.1,67
"1732",608,58,12.475,191.35,67
"1733",638,21.5,4,65.525,67
"1734",669,14,2.475,39.525,67
"1735",699,11,2,35.575,67
"1736",730,18.5,3,72.575,67
"1737",761,57,10.95,194,67
"1738",790,84.5,10.475,319.975,67
"1739",821,90,14.475,450.525,67
"1740",851,38.5,5,159,67
"1741",882,16.5,3,100.15,67
"1742",912,5,0,34.625,67
"1743",151,7537.5,1490.75,24149,68
"1744",181,3137,650.95,8493.82499999999,68
"1745",212,1049.5,199.45,2516.4,68
"1746",243,402,92.8,1098.525,68
"1747",273,184,42.475,516.1,68
"1748",304,163.5,30,374.174999999999,68
"1749",334,194.5,51.475,520.274999999999,68
"1750",365,700,175.825,1688.8,68
"1751",396,2758,584.575,7375.97499999999,68
"1752",424,6751.5,1899.5,21693.1,68
"1753",455,10550,2996.5,29180.425,68
"1754",485,5989,1153.075,14793.925,68
"1755",516,2785.5,667.15,6705.17499999999,68
"1756",546,664.5,265.5,1566.7,68
"1757",577,199,30,488.9,68
"1758",608,55.5,11.475,167.4,68
"1759",638,21.5,6,53.05,68
"1760",669,12,2.475,40.1,68
"1761",699,13,3,36.625,68
"1762",730,21,2.475,65.1,68
"1763",761,35,7.475,142.2,68
"1764",790,60.5,13.475,232.25,68
"1765",821,60,11.95,338.249999999999,68
"1766",851,37.5,7.475,182.975,68
"1767",882,12,1,62.2999999999999,68
"1768",912,4,0,25.1,68
"1769",151,9605,2319.125,27566.325,69
"1770",181,3596,689.65,8829.47499999999,69
"1771",212,1178,258.8,3193.475,69
"1772",243,372,99.2,1040.825,69
"1773",273,180.5,29.425,455.8,69
"1774",304,158,24.025,412.1,69
"1775",334,209,66.75,505.7,69
"1776",365,683,103.5,1905.475,69
"1777",396,2709,860.2,8220.07499999999,69
"1778",424,5552,1790.775,16838.9,69
"1779",455,10042.5,3525.65,28708.325,69
"1780",485,7030.5,1430.85,17877.925,69
"1781",516,2397.5,595.925,5714.575,69
"1782",546,669,152.85,1812.675,69
"1783",577,187.5,36.475,456.9,69
"1784",608,55,11.425,167.1,69
"1785",638,23,5.475,57.575,69
"1786",669,14,2,37,69
"1787",699,13,1,37.05,69
"1788",730,20,3.475,60.575,69
"1789",761,43,11.425,136.625,69
"1790",790,57,15.475,235.225,69
"1791",821,69.5,6.425,328.25,69
"1792",851,37.5,5.475,220.625,69
"1793",882,17,2,75.3999999999999,69
"1794",912,4,0.475,21.05,69
"1795",151,9302.5,2292.325,21363.65,70
"1796",181,3491,609.125,7706.4,70
"1797",212,1143,173,2894.9,70
"1798",243,389.5,79.375,1073.825,70
"1799",273,184,43.375,452.25,70
"1800",304,169,42.95,390.2,70
"1801",334,210,45,565.924999999999,70
"1802",365,676.5,179.325,1620.275,70
"1803",396,3035.5,700.95,8715.4,70
"1804",424,7633.5,1653.175,19638.575,70
"1805",455,10863,1997.25,31157.2,70
"1806",485,6536.5,1826.2,15409.075,70
"1807",516,2412,488.825,6075.775,70
"1808",546,733,164.325,1793.525,70
"1809",577,192.5,58.075,377.725,70
"1810",608,54,12,155.775,70
"1811",638,19.5,2.95,53.625,70
"1812",669,12.5,2.475,38.575,70
"1813",699,11,1.475,39,70
"1814",730,17,2.475,59.05,70
"1815",761,34,6.475,112.575,70
"1816",790,63.5,9,181,70
"1817",821,62,6.9,267.35,70
"1818",851,35,4.475,181.4,70
"1819",882,14,1,66.2999999999999,70
"1820",912,3,0,21.1,70
"1821",151,8936,1871.525,23520.8,71
"1822",181,3717.5,976.5,9478.44999999999,71
"1823",212,1363.5,536.725,3096.825,71
"1824",243,454,94.85,1041.375,71
"1825",273,183,55.85,472.5,71
"1826",304,148.5,31.425,432.45,71
"1827",334,199,48.3,647.575,71
"1828",365,645.5,172.95,1854.525,71
"1829",396,2702.5,725.55,6978.6,71
"1830",424,6358,1471.825,16451.575,71
"1831",455,11597,2951.45,30098.4,71
"1832",485,5995.5,1265.675,15718.025,71
"1833",516,2668,363.35,7216.04999999999,71
"1834",546,671,215.4,1742.25,71
"1835",577,203.5,59.9,455.1,71
"1836",608,60.5,13.9,177.825,71
"1837",638,22,4,62.525,71
"1838",669,14.5,3,41.05,71
"1839",699,11,1.475,32.575,71
"1840",730,19,2,54.05,71
"1841",761,41,6,132.3,71
"1842",790,55,16.95,223.525,71
"1843",821,60,12,260.575,71
"1844",851,38.5,5.475,208.225,71
"1845",882,12.5,0.475,58.575,71
"1846",912,4,0,21.525,71
"1847",151,9573,2751.425,23674.2,72
"1848",181,3660,1122.975,10659.7,72
"1849",212,1202,271.975,2917.625,72
"1850",243,398.5,118.475,1256.15,72
"1851",273,185,45.325,538.875,72
"1852",304,154.5,31.9,407.024999999999,72
"1853",334,220,62.9,471.625,72
"1854",365,650.5,184.325,1831.325,72
"1855",396,3365.5,757.05,7329.6,72
"1856",424,7863,1482.3,20470.85,72
"1857",455,10643,2383.125,30928.25,72
"1858",485,5404,1466.05,17392.425,72
"1859",516,2913,572.575,6778.275,72
"1860",546,680.5,214.475,2063.825,72
"1861",577,176,52.6,480.925,72
"1862",608,57,11.85,175.6,72
"1863",638,21,1.95,63.575,72
"1864",669,13,3,39,72
"1865",699,11,1.475,31.05,72
"1866",730,19.5,4,55.575,72
"1867",761,47,8.95,147.1,72
"1868",790,78,6.95,322.4,72
"1869",821,70,14.95,280.4,72
"1870",851,36.5,4.95,142.725,72
"1871",882,13,1.475,73.05,72
"1872",912,5,0,20.1999999999999,72
"1873",151,11988.5,2301.975,30877.95,73
"1874",181,3476.5,1052.125,9697.87499999998,73
"1875",212,1168.5,409.875,2957.775,73
"1876",243,430.5,115.35,1157.4,73
"1877",273,206.5,66.475,511.575,73
"1878",304,165,33.375,461.25,73
"1879",334,214,34.475,552.225,73
"1880",365,621,145.175,1730.475,73
"1881",396,2741.5,625.8,11368.85,73
"1882",424,7241,1898.75,25782.1,73
"1883",455,10261,2171.375,26817.7,73
"1884",485,6149.5,1389.575,18668.15,73
"1885",516,2397,492.525,6392.925,73
"1886",546,706,191.85,1752.5,73
"1887",577,194.5,43.85,495.05,73
"1888",608,52,19.475,134.05,73
"1889",638,18,4.475,66.05,73
"1890",669,13.5,4,39.525,73
"1891",699,11,2.475,34.575,73
"1892",730,18,3,56.525,73
"1893",761,35.5,6,157.2,73
"1894",790,75.5,8.9,255.85,73
"1895",821,68.5,3,342.125,73
"1896",851,40.5,7.95,227.074999999999,73
"1897",882,17.5,1,60.575,73
"1898",912,4,0,21.05,73
"1899",151,10580,2551.575,29554.0749999999,74
"1900",181,3523,1069,7881.325,74
"1901",212,1220.5,364.175,3720.225,74
"1902",243,451,100.6,1243.675,74
"1903",273,205.5,45,520.75,74
"1904",304,143,31.475,412.525,74
"1905",334,174,42.325,550.974999999999,74
"1906",365,705.5,168.225,2105.375,74
"1907",396,2454,701,9223.12499999998,74
"1908",424,6751,1358.5,18918.625,74
"1909",455,10392,2839,30404.6,74
"1910",485,6746.5,1289,16808.325,74
"1911",516,2369.5,646.2,6286.42499999999,74
"1912",546,624.5,153.9,1549.575,74
"1913",577,198.5,57.65,478.325,74
"1914",608,63.5,13.475,163.525,74
"1915",638,20,5,76.575,74
"1916",669,12,1,35.1999999999999,74
"1917",699,9,2,34.525,74
"1918",730,17.5,2,57.1999999999999,74
"1919",761,41,8,154.275,74
"1920",790,75,12.95,243.499999999999,74
"1921",821,68.5,10.9,268.3,74
"1922",851,41.5,6.425,139.575,74
"1923",882,12.5,1.475,79.2999999999999,74
"1924",912,4,0,19.525,74
"1925",151,9306,2072.1,25140.7,75
"1926",181,3611.5,1062.275,9241.475,75
"1927",212,1199.5,309.625,2966.15,75
"1928",243,391.5,105.8,1380.925,75
"1929",273,199.5,47.8,453.249999999999,75
"1930",304,151,37.95,365.25,75
"1931",334,181,38.95,618.6,75
"1932",365,626,119.95,1939.825,75
"1933",396,2959,649.75,6856.9,75
"1934",424,7049,1896.925,18858.7,75
"1935",455,9917,3216.75,28598.525,75
"1936",485,6560,2098.7,16502.525,75
"1937",516,2404,554.775,6267.4,75
"1938",546,729,187.475,1767.85,75
"1939",577,171,45.425,448.575,75
"1940",608,63.5,16.95,153.725,75
"1941",638,20,3.475,53,75
"1942",669,12,1.475,39.2499999999999,75
"1943",699,11.5,0.475,28,75
"1944",730,20.5,2.95,63.1,75
"1945",761,43.5,7.475,157.625,75
"1946",790,71,13.475,227.525,75
"1947",821,78,14.475,335.699999999999,75
"1948",851,45,5.475,194.775,75
"1949",882,16,1,61.3499999999999,75
"1950",912,4,0,18.525,75
"1951",151,8258,2175.7,25901.575,76
"1952",181,4144.5,831.425,10842.875,76
"1953",212,1205,387.05,3302.4,76
"1954",243,424,122.875,1149.4,76
"1955",273,199,51.55,515.2,76
"1956",304,167,55.9,378.25,76
"1957",334,220.5,60.9,586.474999999999,76
"1958",365,631.5,150.55,1457.525,76
"1959",396,2687.5,790.5,6734.05,76
"1960",424,7311.5,1574.45,23558.5,76
"1961",455,10805.5,2546.175,28466.725,76
"1962",485,6164,1470.625,14688.7,76
"1963",516,2404,495.175,6284.05,76
"1964",546,649.5,149.6,2156.725,76
"1965",577,197.5,57.425,534.375,76
"1966",608,55,11.95,155.575,76
"1967",638,16,4.475,52.05,76
"1968",669,12,1.475,35.1999999999999,76
"1969",699,10,3,30.1,76
"1970",730,18,5,58,76
"1971",761,43,6.95,245.8,76
"1972",790,51,11.475,208.65,76
"1973",821,61.5,11,285.3,76
"1974",851,39.5,6.9,165.725,76
"1975",882,13.5,1,89.05,76
"1976",912,4.5,0,20,76
"1977",151,9982,2305.575,25075.05,77
"1978",181,3976,881.725,10320.325,77
"1979",212,1152,507.75,3130.9,77
"1980",243,523,101.25,1154.35,77
"1981",273,188.5,45.95,606.749999999999,77
"1982",304,139.5,28,453.825,77
"1983",334,186.5,47.175,597.925,77
"1984",365,470.5,168.8,1721.425,77
"1985",396,2542,836.925,11675.95,77
"1986",424,6948,1135.9,14835.925,77
"1987",455,9963,2071.175,33780.475,77
"1988",485,5286.5,1184.325,14117.75,77
"1989",516,2457.5,279.075,6559.525,77
"1990",546,687,201.45,1671.475,77
"1991",577,187,40.65,505.6,77
"1992",608,57,12.475,144.625,77
"1993",638,19.5,3.475,50.05,77
"1994",669,10,2,38.625,77
"1995",699,11,2,36.7249999999999,77
"1996",730,20,2,58.05,77
"1997",761,47.5,10.475,161.675,77
"1998",790,75,7.475,229.875,77
"1999",821,73,10.475,325.775,77
"2000",851,46,4,173.3,77
"2001",882,16,2,69.1499999999999,77
"2002",912,5,0,18,77
"2003",151,10671,2258.75,28895.15,78
"2004",181,4234.5,1338.85,11394.05,78
"2005",212,1186,304.25,3157.775,78
"2006",243,439,105.9,1275.125,78
"2007",273,192,63.425,462.025,78
"2008",304,151.5,44.6,385.3,78
"2009",334,229,54.375,650.5,78
"2010",365,552.5,102.05,1678.45,78
"2011",396,2516,787.55,7273.1,78
"2012",424,5747,1696.375,18295.275,78
"2013",455,9750.5,2484.325,34793.575,78
"2014",485,6946.5,1177.85,14786.5,78
"2015",516,2457.5,693,6435.44999999999,78
"2016",546,540.5,126.325,1559.275,78
"2017",577,199.5,27.425,506.125,78
"2018",608,55,17.475,182.05,78
"2019",638,19,2.95,67.05,78
"2020",669,11.5,1.475,34.05,78
"2021",699,9,2,32.575,78
"2022",730,18,1.95,66,78
"2023",761,42,6.475,132.6,78
"2024",790,69.5,10.8,238.05,78
"2025",821,77.5,8,314.525,78
"2026",851,36.5,5.475,175.825,78
"2027",882,11.5,0.475,88.625,78
"2028",912,3,0,19.05,78
"2029",151,10529.5,2490.375,25736.475,79
"2030",181,3556.5,1315.45,11048.05,79
"2031",212,1572,279.275,4208.75,79
"2032",243,447.5,114.225,1257.7,79
"2033",273,174.5,39.475,517.25,79
"2034",304,135,32.425,510.725,79
"2035",334,184,59.175,469.15,79
"2036",365,738.5,180.4,2013.45,79
"2037",396,2458,493.85,7897.12499999999,79
"2038",424,7900.5,2681.5,19269.05,79
"2039",455,9137,2152.3,29585.25,79
"2040",485,6596.5,1167.65,16971.525,79
"2041",516,2431.5,651.95,6209.55,79
"2042",546,660.5,146.475,1692.975,79
"2043",577,196.5,53.275,506.35,79
"2044",608,47.5,10,134.525,79
"2045",638,23,5,68.05,79
"2046",669,11,2,32.05,79
"2047",699,11,1,32,79
"2048",730,17,4,55.575,79
"2049",761,35,7,106.15,79
"2050",790,55.5,6.425,251.05,79
"2051",821,63,9,233.4,79
"2052",851,39,4,149.15,79
"2053",882,15,1,48.05,79
"2054",912,5,0,17.525,79
"2055",151,9696.5,2637.575,31223.65,80
"2056",181,3308,980.925,10465.075,80
"2057",212,1233,274.575,4130.625,80
"2058",243,464,120.75,1126.65,80
"2059",273,226.5,55.075,484.825,80
"2060",304,154.5,33.425,454.474999999999,80
"2061",334,221.5,70.475,564.625,80
"2062",365,665,96.225,1801.85,80
"2063",396,2767,875.8,7987.075,80
"2064",424,6856,1351.375,21444.175,80
"2065",455,10357,2198.875,27872.9,80
"2066",485,6419.5,1596.75,17910.65,80
"2067",516,2310,508.15,6436.1,80
"2068",546,663,111.075,1954.45,80
"2069",577,205,47.9,540.1,80
"2070",608,54.5,9,158,80
"2071",638,19,3,63.625,80
"2072",669,10,2,38,80
"2073",699,9,0.475,34.575,80
"2074",730,19,2,47.6749999999999,80
"2075",761,45,6.9,130.575,80
"2076",790,71.5,13.375,199.725,80
"2077",821,80,13,314.35,80
"2078",851,36,4,154.525,80
"2079",882,16,1,77.2499999999999,80
"2080",912,5,0,17.575,80
"2081",151,11113.5,2271,30419.25,81
"2082",181,3554,741.925,9176.625,81
"2083",212,1232.5,317.725,3812.375,81
"2084",243,360.5,116.375,972.175,81
"2085",273,213.5,47.275,847.024999999999,81
"2086",304,160.5,36.95,391.125,81
"2087",334,211,61.9,634.25,81
"2088",365,582.5,98.95,1831.175,81
"2089",396,2663.5,419.95,7792.2,81
"2090",424,7357.5,2101.825,17659.75,81
"2091",455,9126.5,2277.25,31360.175,81
"2092",485,6281,1237.8,17866.875,81
"2093",516,2641.5,649.925,5979.1,81
"2094",546,705.5,176.5,1657.65,81
"2095",577,168.5,37.425,478.825,81
"2096",608,54,13.475,149.15,81
"2097",638,24.5,3.475,67.525,81
"2098",669,12,2.475,37.1999999999999,81
"2099",699,8.5,0.475,29.525,81
"2100",730,20,3,50.1999999999999,81
"2101",761,39.5,5,134.625,81
"2102",790,73.5,11,277.525,81
"2103",821,73.5,13.9,282.45,81
"2104",851,39,7.475,160.5,81
"2105",882,15,1,60.1,81
"2106",912,4.5,0,21.525,81
"2107",151,10354.5,2459.15,30680.775,82
"2108",181,3585.5,1159.825,10120.825,82
"2109",212,1477.5,281.675,3401.425,82
"2110",243,446.5,103.85,1372.9,82
"2111",273,183,34.9,519.2,82
"2112",304,120,35.9,418.275,82
"2113",334,172,46.325,496.55,82
"2114",365,659,157.8,2334.975,82
"2115",396,2586.5,561.125,7122.075,82
"2116",424,6970,2570.625,19345.975,82
"2117",455,9024.5,1564.35,25945.3,82
"2118",485,6201,924.425,17887.1,82
"2119",516,2631.5,742.875,6274.05,82
"2120",546,675.5,128.65,2015.075,82
"2121",577,191,57.95,549.15,82
"2122",608,55,13.95,147,82
"2123",638,19.5,4.475,62.1,82
"2124",669,11,1,32.05,82
"2125",699,12,1,33.525,82
"2126",730,21.5,2.475,63.1499999999999,82
"2127",761,39,7.425,163.7,82
"2128",790,57.5,7.95,235.525,82
"2129",821,62.5,12.425,303.599999999999,82
"2130",851,31,5,221.95,82
"2131",882,14.5,0.475,90.3999999999999,82
"2132",912,4,0,19.05,82
"2133",151,7879.5,1892.25,20120.925,83
"2134",181,2853,566.75,7231.37499999999,83
"2135",212,761,196.475,2388.225,83
"2136",243,303,60.075,676.625,83
"2137",273,131.5,15.475,342.625,83
"2138",304,114,32.95,236.45,83
"2139",334,163.5,29,412.65,83
"2140",365,611.5,153.8,1641.75,83
"2141",396,3451.5,904.15,9208.625,83
"2142",424,8293,2282.575,26862.125,83
"2143",455,12795,2832.475,37566.275,83
"2144",485,8711,1400.275,21124.8,83
"2145",516,2870.5,833.875,8231.925,83
"2146",546,739.5,184.475,2132.625,83
"2147",577,226,47.425,460.4,83
"2148",608,52,15,144.05,83
"2149",638,18.5,4.475,48.2499999999999,83
"2150",669,10,1,32.525,83
"2151",699,13,1,27.525,83
"2152",730,21,2.475,71.1499999999999,83
"2153",761,45,7.95,154.975,83
"2154",790,72,16.425,245.825,83
"2155",821,83,16,326.225,83
"2156",851,40,9.475,172.1,83
"2157",882,13,2.475,75.0249999999998,83
"2158",912,4,0,13,83
"2159",151,7453.5,1290.85,18523.625,84
"2160",181,2696.5,691.375,7014.575,84
"2161",212,815.5,177.975,2581.45,84
"2162",243,315.5,67.55,845.85,84
"2163",273,153,36.325,364.125,84
"2164",304,125,37.325,314.45,84
"2165",334,185,47.275,443.325,84
"2166",365,613,136.225,1865.525,84
"2167",396,3569.5,679.375,9799.27499999998,84
"2168",424,10145.5,2491.1,24382.75,84
"2169",455,14188,2610.425,33631.25,84
"2170",485,8862,2540.575,24300.7,84
"2171",516,2860.5,571.475,7468.275,84
"2172",546,1013.5,239.65,2562.25,84
"2173",577,238,53.85,692.15,84
"2174",608,69.5,10.475,196.15,84
"2175",638,23.5,6,73.05,84
"2176",669,16,3,39.7249999999999,84
"2177",699,15,2.475,51.525,84
"2178",730,29,4.95,90.525,84
"2179",761,71,16.425,199.2,84
"2180",790,98,17.475,421.35,84
"2181",821,124.5,20.9,406.525,84
"2182",851,62,7.95,196.2,84
"2183",882,22.5,2,73.1,84
"2184",912,6,0,31,84
"2185",151,7967,2053.975,22147.2,85
"2186",181,2426,583.9,7030.025,85
"2187",212,777,234,2265.725,85
"2188",243,295.5,41.475,645.525,85
"2189",273,139,43.35,401.9,85
"2190",304,117,13.425,362.025,85
"2191",334,186,28.95,466.725,85
"2192",365,663.5,228.95,1534.6,85
"2193",396,3229.5,715.9,9764.49999999999,85
"2194",424,8516.5,1148.625,28292.675,85
"2195",455,16730,3981.975,45632.025,85
"2196",485,9558,1268.75,22674.575,85
"2197",516,2676.5,478.6,9996.42499999999,85
"2198",546,914.5,102.8,2547.9,85
"2199",577,229.5,66.275,601.55,85
"2200",608,80,12.95,193.1,85
"2201",638,23.5,2.95,74.625,85
"2202",669,15.5,3.475,49.7749999999999,85
"2203",699,14,1,37,85
"2204",730,29,5.475,66.05,85
"2205",761,68.5,11.95,229.3,85
"2206",790,116,20.85,366.775,85
"2207",821,134.5,21.425,440.4,85
"2208",851,57.5,16,202.45,85
"2209",882,22,4.475,87.1,85
"2210",912,6,1,24.1,85
"2211",151,7669.5,1287.65,24111.075,86
"2212",181,2623,688.95,8071.55,86
"2213",212,906,243.5,2272.15,86
"2214",243,309.5,51,968.575,86
"2215",273,150,36.85,382.35,86
"2216",304,111,31.9,305.825,86
"2217",334,198.5,35.95,498.925,86
"2218",365,610.5,103.25,1881.225,86
"2219",396,3478,744.475,9312.5,86
"2220",424,9624,1641.925,21547.225,86
"2221",455,15495.5,4549.125,43204.625,86
"2222",485,8460.5,1647.175,21991.9,86
"2223",516,3787,913.45,9874.925,86
"2224",546,886.5,235.625,2439.55,86
"2225",577,277.5,42.95,655.475,86
"2226",608,61.5,12.9,152.25,86
"2227",638,29,6,64.525,86
"2228",669,15,3,54.1,86
"2229",699,15,1.475,50.05,86
"2230",730,27.5,6,97.1499999999999,86
"2231",761,59.5,11.475,194.25,86
"2232",790,120,17.475,301.375,86
"2233",821,125,13.8,396.65,86
"2234",851,73,9.275,233.375,86
"2235",882,23,6.475,77.625,86
"2236",912,6,0,25.525,86
"2237",151,7417,1554,20792.875,87
"2238",181,2391,789.425,6556.025,87
"2239",212,979.5,163,2882.65,87
"2240",243,339,104.25,805.2,87
"2241",273,146.5,37.9,359.05,87
"2242",304,112,18.95,310.775,87
"2243",334,176,28.025,512.25,87
"2244",365,635.5,157.5,1954.95,87
"2245",396,2981,581.575,8009.175,87
"2246",424,10255,2620.675,27960.85,87
"2247",455,13848,2674.525,36371.85,87
"2248",485,10658,2502.225,26837.275,87
"2249",516,3420.5,960.55,9116.625,87
"2250",546,1013,218.4,2390.45,87
"2251",577,223.5,58.275,602,87
"2252",608,72.5,14.85,160.3,87
"2253",638,27,2.95,77,87
"2254",669,17,3,58.575,87
"2255",699,12,3.475,42.1999999999999,87
"2256",730,26,7.475,72.8749999999999,87
"2257",761,75,14,204.55,87
"2258",790,123,12.325,378.75,87
"2259",821,127,23.425,501.825,87
"2260",851,59.5,16.475,192.4,87
"2261",882,25,5.475,89.575,87
"2262",912,7,1,21.575,87
"2263",151,6282.5,1725.025,24010.375,88
"2264",181,2758,645.25,5960.62499999999,88
"2265",212,872,224.55,2731.35,88
"2266",243,266.5,41.925,977.675,88
"2267",273,161,29.225,358.05,88
"2268",304,112.5,41.8,303.425,88
"2269",334,171,30.425,467.25,88
"2270",365,671.5,105.65,2124.475,88
"2271",396,3505.5,840.1,9233.34999999999,88
"2272",424,10045,2447.85,23382.075,88
"2273",455,15950,2649.025,35529.8,88
"2274",485,8908.5,2641.925,24814.975,88
"2275",516,3023,530.65,8766.12499999999,88
"2276",546,810.5,186.95,2164.725,88
"2277",577,244.5,57.95,627.65,88
"2278",608,66,10.95,153.2,88
"2279",638,24,4,75.6749999999999,88
"2280",669,15,3,42.1,88
"2281",699,15,3,45.625,88
"2282",730,31.5,7.475,96.3999999999999,88
"2283",761,66.5,14.475,214.725,88
"2284",790,105.5,21.85,371.2,88
"2285",821,116.5,20.425,456.424999999999,88
"2286",851,68.5,10.375,236.15,88
"2287",882,25,5,89.6749999999999,88
"2288",912,6,0,20.05,88
"2289",151,8259.5,1559.825,20335.425,89
"2290",181,2658.5,658.175,6137.575,89
"2291",212,885.5,215.9,3033.175,89
"2292",243,358.5,48,973.924999999999,89
"2293",273,154.5,42.95,470.699999999999,89
"2294",304,135.5,22.95,308.1,89
"2295",334,197.5,32.9,522.575,89
"2296",365,625.5,79.375,1555.875,89
"2297",396,2973,546.075,7677.15,89
"2298",424,9385,2488.975,26068.65,89
"2299",455,16048,5881.05,36030.5,89
"2300",485,9203.5,2002.875,21123,89
"2301",516,3424.5,877.975,7888.89999999999,89
"2302",546,921.5,198.6,2814.525,89
"2303",577,248.5,46.95,624.025,89
"2304",608,65,15.475,178.2,89
"2305",638,25,7.475,77,89
"2306",669,15,2.475,41.05,89
"2307",699,13,2.475,47.525,89
"2308",730,23,4,70.1,89
"2309",761,56.5,9.475,164.625,89
"2310",790,90.5,23,286.025,89
"2311",821,99.5,23.475,290.225,89
"2312",851,53,12.425,177.15,89
"2313",882,22.5,2.475,101.275,89
"2314",912,5.5,0,22.525,89
"2315",151,8243,1589.275,19933.475,90
"2316",181,2671,629.425,6246.4,90
"2317",212,862.5,215.9,2975.35,90
"2318",243,327,62.675,872.075,90
"2319",273,155,38.85,499.1,90
"2320",304,129,25.475,295.05,90
"2321",334,185.5,31.475,475.75,90
"2322",365,630,82.225,1653.15,90
"2323",396,2864,627.075,7375.775,90
"2324",424,9281.5,2098,24512.3,90
"2325",455,15635,4763.3,39089.9,90
"2326",485,9189.5,1937.025,19593.05,90
"2327",516,3154.5,1090.4,7921.225,90
"2328",546,875.5,203.4,2606.925,90
"2329",577,237,42.325,628.049999999999,90
"2330",608,69.5,18.425,178.975,90
"2331",638,24.5,5.475,80.05,90
"2332",669,13,2,33.575,90
"2333",699,14,2.475,38.575,90
"2334",730,25,2.95,75.2499999999999,90
"2335",761,58,13.475,171.675,90
"2336",790,110.5,31.375,243.825,90
"2337",821,104,32,361.725,90
"2338",851,54.5,12.475,160.525,90
"2339",882,19,4.475,72.575,90
"2340",912,6.5,1,21.525,90
"2341",151,6625,1603.75,18205.575,91
"2342",181,2631.5,643.225,8490.55,91
"2343",212,942.5,137.6,2695.7,91
"2344",243,355,100.925,1023.275,91
"2345",273,168.5,31,340.15,91
"2346",304,136,21,366.3,91
"2347",334,174,34.175,465.05,91
"2348",365,638,141.95,1834.05,91
"2349",396,3220,707.775,8409.75,91
"2350",424,10596,3364.75,22721.825,91
"2351",455,13929.5,3592.4,36486.65,91
"2352",485,8965,2401.825,20683.275,91
"2353",516,3164.5,817.375,9353.675,91
"2354",546,834,180.925,2245.525,91
"2355",577,258,70.925,639.875,91
"2356",608,61,19.9,172,91
"2357",638,27,6.425,82.525,91
"2358",669,15,1.475,55,91
"2359",699,14,2.95,42.2999999999999,91
"2360",730,25,7.475,65.575,91
"2361",761,50.5,13.475,159.575,91
"2362",790,93,27.425,258.05,91
"2363",821,93,19.475,314.824999999999,91
"2364",851,58.5,11,195.3,91
"2365",882,21,5,84.2499999999999,91
"2366",912,6,0,23,91
"2367",151,8472,2109.15,20239.6,92
"2368",181,2943.5,556.975,6440.3,92
"2369",212,929,313.05,2357.325,92
"2370",243,328.5,64.95,835.3,92
"2371",273,155,24.375,396.575,92
"2372",304,129,42.85,387.3,92
"2373",334,183.5,39.425,436.775,92
"2374",365,661,109.9,1675.775,92
"2375",396,3403.5,564.1,8288.34999999999,92
"2376",424,8726.5,1375.1,22613.1,92
"2377",455,14447,4154.325,39729.6,92
"2378",485,9640.5,3257.975,22390.525,92
"2379",516,3472,769.55,7477.6,92
"2380",546,893.5,273.8,2232.825,92
"2381",577,238,56.6,737.275,92
"2382",608,66,12.475,194.3,92
"2383",638,29.5,6,82.525,92
"2384",669,13,3,45.2499999999999,92
"2385",699,13,2,38.05,92
"2386",730,25,5,70.8249999999999,92
"2387",761,55,9,174.325,92
"2388",790,104.5,11.95,318.35,92
"2389",821,104.5,20.475,280.975,92
"2390",851,48.5,12.95,141.2,92
"2391",882,20,2,77.525,92
"2392",912,5,0,20.625,92
"2393",151,7642.5,2146.3,17210.925,93
"2394",181,2978.5,586.1,7803.775,93
"2395",212,976.5,209.65,2196.475,93
"2396",243,347,90.025,848.275,93
"2397",273,151.5,32.475,403.525,93
"2398",304,128.5,23.65,377.475,93
"2399",334,198,44.375,519.174999999999,93
"2400",365,559,107.425,1424.65,93
"2401",396,2769.5,561,9211.4,93
"2402",424,8617.5,1510.2,23163.475,93
"2403",455,15455,4269.55,38344.1,93
"2404",485,8439.5,2027.275,23354.35,93
"2405",516,3675,883.6,8516.74999999999,93
"2406",546,880.5,326.95,2251.875,93
"2407",577,261,61.85,611.224999999999,93
"2408",608,72,12.475,200.55,93
"2409",638,29,7.475,84.575,93
"2410",669,13.5,2.475,45.7249999999999,93
"2411",699,12,2.475,33.05,93
"2412",730,30,4,79.8249999999999,93
"2413",761,51.5,13.9,195.775,93
"2414",790,86,20.95,236.1,93
"2415",821,106,11.325,325.35,93
"2416",851,54,12,174.675,93
"2417",882,19.5,4.475,65.525,93
"2418",912,6,0,16.525,93
"2419",151,6827.5,2097.15,18851.025,94
"2420",181,2566,556.95,5909.575,94
"2421",212,974.5,151.35,2475.35,94
"2422",243,326.5,64.45,763.25,94
"2423",273,168.5,49.475,449.25,94
"2424",304,145.5,31.95,385.55,94
"2425",334,215,51.475,609.799999999999,94
"2426",365,653,201.45,1635.55,94
"2427",396,2986,645.25,8925.6,94
"2428",424,7295,1812.175,19583.3,94
"2429",455,11361.5,2910.525,33650.175,94
"2430",485,6547.5,1867.85,19311.45,94
"2431",516,2616,560.6,6992.67499999999,94
"2432",546,899,213.125,2245.55,94
"2433",577,231.5,69.925,589.224999999999,94
"2434",608,74,17.85,178.45,94
"2435",638,24,6,70.05,94
"2436",669,15,3,40.05,94
"2437",699,14,5,42.625,94
"2438",730,22,5,79.05,94
"2439",761,45.5,10.475,140.925,94
"2440",790,68.5,19.95,195,94
"2441",821,74.5,12.9,222.675,94
"2442",851,42,8.475,136.875,94
"2443",882,15,3,62.525,94
"2444",912,5,0,17,94
"2445",151,6729,1558.475,22446.4,95
"2446",181,2445.5,381.775,7135.52499999999,95
"2447",212,1056.5,237.3,3023.875,95
"2448",243,355,66.325,769.25,95
"2449",273,173.5,24.475,487.125,95
"2450",304,141.5,25.425,384.1,95
"2451",334,189.5,43,497.825,95
"2452",365,592.5,141.05,1720.525,95
"2453",396,3146.5,852.05,7092.85,95
"2454",424,7804,2367.075,19181.625,95
"2455",455,13346.5,2853.025,29544.55,95
"2456",485,7456,1982.275,23886.725,95
"2457",516,3080.5,565.1,7737.225,95
"2458",546,904,241.55,2321.925,95
"2459",577,216.5,38.375,542.975,95
"2460",608,69,15.8,214.625,95
"2461",638,25,4.475,68.1,95
"2462",669,15,1.95,38.1,95
"2463",699,14.5,2,37.525,95
"2464",730,18,5,53.1499999999999,95
"2465",761,40.5,10.475,119.625,95
"2466",790,70.5,15.475,232.35,95
"2467",821,77.5,17,239.25,95
"2468",851,42,8.375,130.65,95
"2469",882,15,3.475,55.6749999999999,95
"2470",912,5,0,15,95
"2471",151,7199.5,2075.875,18067.875,96
"2472",181,2793,751.65,7793.975,96
"2473",212,908,199.875,2013.775,96
"2474",243,352,65.3,828,96
"2475",273,174,27.75,400,96
"2476",304,135.5,39.475,368.425,96
"2477",334,192.5,53,453.35,96
"2478",365,708.5,158.95,1646.075,96
"2479",396,3082.5,1097.425,7492.375,96
"2480",424,8327,2002.5,18621.45,96
"2481",455,11436,2496.125,31627.1,96
"2482",485,7162.5,2202.525,21716.725,96
"2483",516,2721,679.825,7769.2,96
"2484",546,723,240.95,1688.65,96
"2485",577,221,36.475,568.575,96
"2486",608,72,16,174.2,96
"2487",638,26,7.475,62.525,96
"2488",669,15,2.95,37.7249999999999,96
"2489",699,14,2.475,38.575,96
"2490",730,21,6,63.525,96
"2491",761,52,10.475,135.3,96
"2492",790,78.5,14.425,229.2,96
"2493",821,71.5,12.475,214.65,96
"2494",851,48,10.425,114.525,96
"2495",882,15,0.475,44.525,96
"2496",912,4,0,22.525,96
"2497",151,6157,1436.9,18922.825,97
"2498",181,2458,588.275,6703.09999999999,97
"2499",212,1029.5,256.925,2674.775,97
"2500",243,344,74.425,748.8,97
"2501",273,168.5,29.9,384.525,97
"2502",304,146.5,27.8,362.175,97
"2503",334,200,51.95,515.65,97
"2504",365,621,166.175,1484.875,97
"2505",396,3157,828.5,7273.35,97
"2506",424,7999,2797.55,18838.6,97
"2507",455,12951.5,3146.1,26932.1,97
"2508",485,7324.5,2193.525,22441.6,97
"2509",516,2859.5,621.875,8530.225,97
"2510",546,889,217.625,2184.575,97
"2511",577,225,41.425,579.275,97
"2512",608,70.5,12.95,190.05,97
"2513",638,26.5,3.475,72.7249999999999,97
"2514",669,15,2.475,41.6749999999999,97
"2515",699,14,1,34.05,97
"2516",730,22,5.475,58.575,97
"2517",761,40,12,114.525,97
"2518",790,76,12.95,222.775,97
"2519",821,78,16.95,239.625,97
"2520",851,41.5,9.475,128.25,97
"2521",882,15,3,49.05,97
"2522",912,4.5,0,17.525,97
"2523",151,6315,2195.125,17183.225,98
"2524",181,2635,649.875,7001.3,98
"2525",212,1199,231.875,2654,98
"2526",243,366.5,87.225,909.475,98
"2527",273,194,47.325,424.975,98
"2528",304,147,28,464.974999999999,98
"2529",334,227,52.275,655.825,98
"2530",365,664,186.25,1816.65,98
"2531",396,2292.5,766.9,5694.82499999999,98
"2532",424,6271,1389.225,16345.35,98
"2533",455,10014.5,2965.2,27907.675,98
"2534",485,6413,1420.375,15801.375,98
"2535",516,2475,475.175,5635.25,98
"2536",546,741.5,249,2034.075,98
"2537",577,221,71.9,535.999999999999,98
"2538",608,69.5,14.9,171.925,98
"2539",638,24,5.475,71.1,98
"2540",669,14,2,37.625,98
"2541",699,14,1.95,35,98
"2542",730,19.5,3.95,56.05,98
"2543",761,35.5,9,118.525,98
"2544",790,53,11,129.2,98
"2545",821,54.5,13.475,180.525,98
"2546",851,33.5,8.475,82.525,98
"2547",882,12,1.475,34.525,98
"2548",912,4,0,12.525,98
"2549",151,5940.5,1902.375,16592.35,99
"2550",181,2880,655.6,7245.5,99
"2551",212,1153,263.525,2667.4,99
"2552",243,373.5,88.425,888.924999999999,99
"2553",273,184.5,48.225,396.2,99
"2554",304,148,25.475,452.1,99
"2555",334,219.5,42.75,546.225,99
"2556",365,660,209.325,1675.15,99
"2557",396,2323,733.3,5943.75,99
"2558",424,6208,1371.025,16253.075,99
"2559",455,10380.5,2839.15,27505.175,99
"2560",485,6090.5,1426.525,14091.075,99
"2561",516,2661.5,548.5,6097.25,99
"2562",546,727,247.425,2074.6,99
"2563",577,251,72.8,539.2,99
"2564",608,71,13,178.125,99
"2565",638,25,8,74.625,99
"2566",669,15,3,49.05,99
"2567",699,13,2,36.625,99
"2568",730,19,4,60.1499999999999,99
"2569",761,35.5,11,109.1,99
"2570",790,55,10.95,131.525,99
"2571",821,52,12.475,173.725,99
"2572",851,32.5,8,145,99
"2573",882,13,2.475,45.575,99
"2574",912,3.5,0,12,99
"2575",151,6352.5,1452.8,16679.075,100
"2576",181,2988.5,641.95,6938.7,100
"2577",212,988.5,368.75,2515.225,100
"2578",243,412.5,111.95,865.375,100
"2579",273,182.5,36,577.525,100
"2580",304,159,40.8,460.5,100
"2581",334,232.5,66.65,584.3,100
"2582",365,589,108.45,1368.65,100
"2583",396,2611.5,593.7,6373.35,100
"2584",424,5739.5,1333.475,18637.4,100
"2585",455,10340.5,1884.775,26837.15,100
"2586",485,5949,2368.275,15830.725,100
"2587",516,3015,805.8,6526.725,100
"2588",546,727.5,277.175,1611.6,100
"2589",577,218.5,47.075,600.525,100
"2590",608,72,19,167.575,100
"2591",638,23,4.475,77.3499999999999,100
"2592",669,14.5,1.475,40.1499999999999,100
"2593",699,13,2,43.575,100
"2594",730,23,3.475,64.2999999999999,100
"2595",761,34,8.475,109.825,100
"2596",790,56.5,11.425,204.3,100
"2597",821,57.5,14.475,158.625,100
"2598",851,32.5,6.475,108.15,100
"2599",882,14.5,1.475,38.6749999999999,100
"2600",912,4,0,16,100
"2601",151,5956.5,1443.65,16594.45,101
"2602",181,2428,555.75,5883.675,101
"2603",212,1142.5,344.85,2666.5,101
"2604",243,364,85.6,860.625,101
"2605",273,179.5,43.9,440.3,101
"2606",304,146,38.95,341.675,101
"2607",334,212,49.275,595.525,101
"2608",365,658.5,126.325,1695.35,101
"2609",396,2437.5,612.375,6870.35,101
"2610",424,6154.5,1628.4,17866.475,101
"2611",455,8595.5,2140.925,22891.1,101
"2612",485,6166.5,1365.525,16842.425,101
"2613",516,2504,895.275,5507.075,101
"2614",546,840.5,147.85,1754.9,101
"2615",577,241,73.8,551.1,101
"2616",608,62.5,20.475,170,101
"2617",638,26,7,64.1499999999999,101
"2618",669,15,3.475,40.575,101
"2619",699,13.5,1.475,44.7249999999999,101
"2620",730,18,4.475,64.2999999999999,101
"2621",761,38,5.95,95.1499999999999,101
"2622",790,53,12.475,167.8,101
"2623",821,60,11,199.975,101
"2624",851,30,5.475,78,101
"2625",882,13.5,2.475,38.525,101
"2626",912,3,0,12.525,101
"2627",151,6279,2311.425,15946.35,102
"2628",181,2774.5,652.475,7066.27499999999,102
"2629",212,972.5,203.225,2552.29999999999,102
"2630",243,374,131.75,1016.575,102
"2631",273,181,41.8,457.825,102
"2632",304,125,33.75,331.075,102
"2633",334,220,42.95,538.15,102
"2634",365,575.5,244.325,1620.725,102
"2635",396,2659,548.85,6263.625,102
"2636",424,6022,2285.3,17174.825,102
"2637",455,10171,2851.875,24324.375,102
"2638",485,5387,1961.675,15654.075,102
"2639",516,2371.5,710.575,6793.175,102
"2640",546,762.5,217.425,1841.025,102
"2641",577,206,58,473.275,102
"2642",608,72,14.9,172.1,102
"2643",638,25,6,67.1999999999999,102
"2644",669,13.5,2.475,38.1,102
"2645",699,14,3,32.525,102
"2646",730,20,5.475,58.525,102
"2647",761,41,7.425,111.675,102
"2648",790,60,12.9,163.525,102
"2649",821,64.5,13.475,187.25,102
"2650",851,38,4.95,94.05,102
"2651",882,13,2,43.525,102
"2652",912,4,0.475,12.525,102
"2653",151,5604,1073.05,13484.95,103
"2654",181,2595.5,589.475,6747.975,103
"2655",212,903,296.775,2524.225,103
"2656",243,441,59.75,1037.8,103
"2657",273,190.5,33.725,610.974999999999,103
"2658",304,174.5,40.95,489.65,103
"2659",334,236.5,28.65,508.15,103
"2660",365,721.5,171.325,1721.875,103
"2661",396,2200.5,683.325,4890.175,103
"2662",424,5181.5,1973.475,14241.675,103
"2663",455,7090.5,1827.225,20433.65,103
"2664",485,5008,1055.075,11720.425,103
"2665",516,2024,563.8,5609.4,103
"2666",546,700.5,130.125,1619.5,103
"2667",577,253,45.475,671.3,103
"2668",608,65.5,13.9,182.625,103
"2669",638,23.5,7,64.1,103
"2670",669,14,3,43.525,103
"2671",699,11,3,31.525,103
"2672",730,17,3,44.05,103
"2673",761,27,4.95,83.05,103
"2674",790,38,3.425,158.075,103
"2675",821,37.5,9.475,120.525,103
"2676",851,20,5,78.05,103
"2677",882,10,1,34,103
"2678",912,3,0,9.52499999999999,103
"2679",151,5116,1338.825,16889.025,104
"2680",181,2599,651.875,6355.85,104
"2681",212,900,171.675,2501.425,104
"2682",243,450.5,96.3,1131.225,104
"2683",273,193.5,65.175,506.45,104
"2684",304,176,25.95,433.95,104
"2685",334,241,81.475,555.15,104
"2686",365,692.5,183.95,1392.4,104
"2687",396,2191,855.625,5092.875,104
"2688",424,5491.5,1175.1,16673.725,104
"2689",455,7297,1894.075,17714.25,104
"2690",485,4863,1173.875,13608.325,104
"2691",516,2196.5,474.225,4795.325,104
"2692",546,688,157.475,1828.05,104
"2693",577,232.5,46,615.725,104
"2694",608,66,12,160.575,104
"2695",638,26,5.95,63.525,104
"2696",669,13,1.475,49.1,104
"2697",699,10,2.475,29.05,104
"2698",730,16,2.475,51.1499999999999,104
"2699",761,25.5,3.475,91.1999999999999,104
"2700",790,37,5,109.525,104
"2701",821,34.5,10.475,109.775,104
"2702",851,21.5,4.425,70.3999999999999,104
"2703",882,10,1.475,26.525,104
"2704",912,3,0,10.05,104
"2705",151,5445,1619.125,14213.85,105
"2706",181,2307.5,408.775,6151.49999999999,105
"2707",212,1097,235.3,2817.775,105
"2708",243,334.5,74.625,989.65,105
"2709",273,203,28.95,518.875,105
"2710",304,179,59.85,408.825,105
"2711",334,258.5,54.375,534.075,105
"2712",365,564.5,123.75,1247.1,105
"2713",396,2102,437.5,5876.775,105
"2714",424,5064,1166.825,13770.475,105
"2715",455,7297,1586.325,18825.5,105
"2716",485,5271,1116.725,12476.7,105
"2717",516,2205,463.4,6298.425,105
"2718",546,778.5,160.65,1790.775,105
"2719",577,218.5,53.8,563.475,105
"2720",608,63,14.375,179.15,105
"2721",638,24,3.475,77.8249999999999,105
"2722",669,15,3,39.525,105
"2723",699,13,2,41.525,105
"2724",730,17,2,59.4499999999998,105
"2725",761,29,7,104.2,105
"2726",790,39.5,10,111.1,105
"2727",821,37,9.475,115.725,105
"2728",851,25,3.475,70.7249999999999,105
"2729",882,9.5,1,37.525,105
"2730",912,3,0,13,105
"2731",151,4579.5,1081.25,11957.95,106
"2732",181,2733.5,439.525,6525.35,106
"2733",212,888,183.9,3109.55,106
"2734",243,406.5,140.225,970.174999999999,106
"2735",273,213.5,26.7,510.1,106
"2736",304,204.5,49.7,416.125,106
"2737",334,232,61.275,553.425,106
"2738",365,575.5,113.675,1636.55,106
"2739",396,2320,378.875,5934.42499999999,106
"2740",424,5045.5,1246,11801.625,106
"2741",455,7193,1627.375,19535.275,106
"2742",485,5321,1088.85,11567.075,106
"2743",516,2388,479.65,5723.675,106
"2744",546,758.5,186.1,2015.225,106
"2745",577,218.5,45.7,528.1,106
"2746",608,67,16.85,179.875,106
"2747",638,23.5,8,74.1,106
"2748",669,16,3.475,41.575,106
"2749",699,12.5,1.475,43.575,106
"2750",730,17.5,2,44.625,106
"2751",761,27,6.95,77.525,106
"2752",790,38.5,11,106.15,106
"2753",821,38.5,10.475,140.325,106
"2754",851,20.5,3.475,64.4499999999998,106
"2755",882,9,0.475,28.575,106
"2756",912,3,0,11.525,106
"2757",151,7241.5,2133.65,17981.675,107
"2758",181,2852,687.125,7379.62499999999,107
"2759",212,1125.5,261.7,2634.525,107
"2760",243,394.5,121.975,967,107
"2761",273,215,37.325,517.074999999999,107
"2762",304,168.5,32.425,489.074999999999,107
"2763",334,243.5,76.475,747.425,107
"2764",365,704,222.075,2185.35,107
"2765",396,2470,613.4,7656.05,107
"2766",424,6865,1513.95,18580.3,107
"2767",455,9103,1983,27285.025,107
"2768",485,6635.5,1252.975,17502.625,107
"2769",516,2343.5,918.175,6646.625,107
"2770",546,735,224.975,1548.875,107
"2771",577,237,56.7,490.3,107
"2772",608,77,20,239.1,107
"2773",638,22,3.95,63.525,107
"2774",669,17,2,43.1499999999999,107
"2775",699,14,2,32.575,107
"2776",730,21.5,5,94.575,107
"2777",761,41.5,5.475,113.925,107
"2778",790,57.5,6.475,226.1,107
"2779",821,57,4.475,325.275,107
"2780",851,34.5,1.475,163.125,107
"2781",882,11.5,0.475,79.2999999999999,107
"2782",912,4,0,24.575,107
"2783",151,7249,2714.275,16627.55,108
"2784",181,2853.5,652.125,7318.39999999999,108
"2785",212,1033.5,253.6,2648.075,108
"2786",243,422.5,112.95,1294.1,108
"2787",273,199.5,38.95,528.25,108
"2788",304,165,44.85,474.825,108
"2789",334,217,50.175,688.175,108
"2790",365,657,127.8,1954.125,108
"2791",396,2888.5,521.9,8754.975,108
"2792",424,6262.5,1706.65,18466.225,108
"2793",455,10036,1446.3,29435.675,108
"2794",485,5702,1853.2,16460.15,108
"2795",516,2484.5,702.45,5574,108
"2796",546,711,181.45,1832.05,108
"2797",577,216.5,46.325,572.899999999999,108
"2798",608,65.5,18.375,193.925,108
"2799",638,24,5.475,84.625,108
"2800",669,15.5,2,40.05,108
"2801",699,14,2.475,47.1499999999999,108
"2802",730,21,4.475,76.2499999999999,108
"2803",761,36,6.475,178.35,108
"2804",790,53,9.425,284.599999999999,108
"2805",821,52.5,8.95,302.675,108
"2806",851,36.5,3.475,167.525,108
"2807",882,16.5,1,85.1999999999999,108
"2808",912,4,0,19.525,108
"2809",151,6271.5,1546.275,19026.325,109
"2810",181,2587,718.775,7434.8,109
"2811",212,905.5,274.925,2519.425,109
"2812",243,393,69.7,940.675,109
"2813",273,196.5,59.95,433.6,109
"2814",304,169.5,33.7,405.825,109
"2815",334,283,66.4,637.7,109
"2816",365,698,203.65,1571.675,109
"2817",396,2617.5,1069.85,6051.1,109
"2818",424,6047,2066.5,18478,109
"2819",455,8811,2299.7,21546.575,109
"2820",485,6189.5,1520.1,17541.225,109
"2821",516,2425.5,610.675,5920.75,109
"2822",546,804.5,191.4,2280.875,109
"2823",577,248.5,56.325,641.525,109
"2824",608,71.5,15.95,169.975,109
"2825",638,28,9,76.575,109
"2826",669,16,3,60.575,109
"2827",699,15,3.475,46.625,109
"2828",730,22,3,95.8749999999999,109
"2829",761,44,5.95,209.149999999999,109
"2830",790,64.5,6,249.625,109
"2831",821,62.5,7.475,384.349999999999,109
"2832",851,37,5,203.55,109
"2833",882,14,1,133.275,109
"2834",912,5,0,30.625,109
"2835",151,7103,2102.425,18746.825,110
"2836",181,2979,499.5,7648.175,110
"2837",212,1069.5,255.075,2523.725,110
"2838",243,385,95.075,899.325,110
"2839",273,203,32.85,548.35,110
"2840",304,170.5,35,475.05,110
"2841",334,261,64.275,663.3,110
"2842",365,646.5,176,1857.175,110
"2843",396,2524.5,608.2,6405.25,110
"2844",424,7125,1616.375,20250.15,110
"2845",455,8933.5,1819.975,32907.7,110
"2846",485,6656,1230.825,15477.1,110
"2847",516,2395,953.875,5715.15,110
"2848",546,853,235.9,1757.9,110
"2849",577,229,60.925,583.274999999999,110
"2850",608,76.5,15.95,214.3,110
"2851",638,25,6,64.525,110
"2852",669,16,3,66.4499999999998,110
"2853",699,13.5,1.475,51.1,110
"2854",730,22,3,70.1499999999999,110
"2855",761,37.5,6.475,251.3,110
"2856",790,57.5,7.475,231.975,110
"2857",821,65,7,336.65,110
"2858",851,31,2,186.575,110
"2859",882,12.5,1,69.8249999999999,110
"2860",912,4,0,24.575,110
"2861",151,7601.5,1486.45,19217.6,111
"2862",181,2866,839.45,6913.2,111
"2863",212,1075,275.725,2899.975,111
"2864",243,386.5,75.9,1123.625,111
"2865",273,203,53.6,514.575,111
"2866",304,176,35.375,419.05,111
"2867",334,199.5,37.65,534.325,111
"2868",365,735,200.025,1996.7,111
"2869",396,2424.5,847.175,6048.15,111
"2870",424,7306,1111.425,20996.55,111
"2871",455,9617.5,2804.35,26769.825,111
"2872",485,6164,1688.375,16086.875,111
"2873",516,2441.5,885.775,5968.225,111
"2874",546,630,219.025,2130.975,111
"2875",577,249,59.95,574.75,111
"2876",608,62.5,14.475,212.625,111
"2877",638,26,6,72.525,111
"2878",669,16,3,52.1,111
"2879",699,15,4.475,38.625,111
"2880",730,21.5,3.475,87.525,111
"2881",761,43.5,7.475,161.2,111
"2882",790,69.5,12.95,208.1,111
"2883",821,68,4.475,301.375,111
"2884",851,36,2.425,195.225,111
"2885",882,14,1,95.7249999999999,111
"2886",912,3,0,28.6749999999999,111
